"V1","V2","V3","V4"
-0.0136824772286005,-0.0116516092416974,-0.0247714013246327,-0.014120263920756
-0.0444146715002815,-0.0100766692050097,-0.0232487368999732,-0.00815458545909572
-0.0174706456732789,-0.00494726698287762,-0.0240022247925271,-0.00487229481706482
-0.0140583982013665,-0.00737136614954035,-0.0229453694321669,-0.00716075658278034
0.00021353212059364,-0.00268268615958985,-0.0208032085622264,-0.00235108268514729
-0.00766896300963033,-0.0102743323709563,-0.0226131497023771,-0.00941770263097467
-0.0141896285486296,-0.00494038336167858,-0.0289106067274327,-0.0119684164814422
-0.00165520195038931,-0.00639313816916457,-0.0231363138783501,-0.0102380259092626
-0.0101116115237121,-0.00386737395428304,-0.0232682686046533,-0.00560123568509412
-0.0101271099031117,-0.0082688669568454,-0.0213320396892546,-0.00769521726319014
0.00731630673393879,-0.00730938420763626,-0.02298022730036,-0.00888661712369921
-0.0213836587693904,-0.00584608098457204,-0.0242456868835483,-0.00649464303680023
-0.0339250055412992,-0.00554446653663136,-0.0262665180538834,-0.00835097809835677
-0.00944843410204239,-0.00403119753146083,-0.0246812551552988,-0.00492002629385263
-0.0257170080063181,-0.00640477799920795,-0.0253225139092558,-0.00910058050956307
-0.0400926484671753,-0.00353873063570262,-0.0237672060496706,-0.00479292825648947
-0.0170238085655811,-0.00422670775098487,-0.0264829294618785,-0.00766887691729683
-0.0244619982308762,-0.0029028295296575,-0.0240770038406754,-0.00609785963502473
-0.0138335334702668,-0.00239987465733033,-0.0212084800679553,-0.00327063695396916
-0.0143725326352849,-0.00186513793434689,-0.0245296448338319,-0.0067286814236545
-0.0160303461437037,-0.012357187190775,-0.0250321918413852,-0.0119137634693214
-0.0123466080081411,-0.015084768107945,-0.0221222781951782,-0.0112165559671707
-0.0219095127760249,-0.00577770395753801,-0.0216583973820403,-0.00526023443322529
-0.0129404985978595,-0.0045716603356001,-0.0222229120050039,-0.0086062956863393
-0.00979753112865231,-0.00993835908353459,-0.0241594066152247,-0.00964504722236424
-0.0215008989640868,-0.00148201601899128,-0.022870300164535,-0.00393848671771753
-0.00946158362248717,-0.0113757590147468,-0.02467433577421,-0.0107207995641328
-0.00947100967228454,-0.0062590498964017,-0.024038483979102,-0.00694806914953566
-0.0195407275107354,-0.0123110832659476,-0.0237942054744459,-0.0105390567038089
-0.0125613002135059,-0.00865137979932693,-0.0262433991303812,-0.0119616100825462
-0.0321581125678038,-0.00360608667072066,-0.0253533040872714,-0.00444635099494626
-0.0200344041647843,-0.0050995859981535,-0.0268781524983675,-0.00866350678712102
-0.0193923672120647,-0.00526711293438706,-0.0240700430391435,-0.00597358328961339
-0.0134090725881749,-0.00625595302086264,-0.0244335356987931,-0.00635865773882491
-0.0143394900468457,-0.00464155895508104,-0.023126175628453,-0.00588729278758893
-0.00413022169560274,-0.00874339694274188,-0.0223873281751442,-0.00788021217170211
-0.0154842258187437,-0.00445202330839121,-0.0238492457343094,-0.00572323036191727
-0.0155983280007793,-0.00334148799802548,-0.0220308145973673,-0.00460167701398086
-0.0129984562005597,-0.0067093454088282,-0.0247658585069255,-0.00875077931476597
-0.00910675073782911,-0.00431956560091833,-0.0226783980448345,-0.00751046401812837
-0.0178193282020242,-0.00574940388946574,-0.02356343755233,-0.00568260897607769
-0.0114648952135232,-0.00652962679563997,-0.0254381261088738,-0.0118774175214638
-0.00434068850783038,-0.00750387210528615,-0.0211116234953266,-0.00660653487623201
-0.00415451675501214,-0.0029288840752091,-0.0244056903504817,-0.00507865803168435
-0.0149697950229258,-0.00535175503742323,-0.0201001283605803,-0.00446536953969112
-0.00787741779728598,-0.00551754735231835,-0.0215908689295968,-0.00629129790619299
-0.00822803640150408,-0.00631078103611274,-0.0214045696475815,-0.00576413894571875
-0.0131951674707149,-0.0042692996203759,-0.0216005327839084,-0.00524552419808368
-0.0153563181531981,-0.00515815302836062,-0.0223099651127038,-0.00583275915372986
-0.0025539904448532,-0.00483101181100029,-0.0201523937147231,-0.00488253018176685
-0.0109647396696262,-0.00845532213903092,-0.0221857905067469,-0.00856946768108334
-0.0114103322091509,-0.00445517660222122,-0.0221579992306227,-0.00787739562112857
-0.00779000781797093,-0.00964763114996887,-0.022502470482645,-0.00723299951452014
-0.00860669619042659,-0.00557027373415548,-0.0213338963983922,-0.00513224198907111
-0.0131859672962444,-0.00434989136318411,-0.0224874406081634,-0.00429155007395559
0.00799413114995111,-0.00853807995652988,-0.0253758370047004,-0.00818361431669166
-0.0123761766268766,-0.00450056258586144,-0.0252730467587845,-0.00541887288511522
-0.00429104693387123,-0.00732146023063851,-0.0209462874443819,-0.00590360240043532
-0.0258214077244878,-0.00360055139485789,-0.0258667736097693,-0.00742587861525279
-0.0218147649675928,-0.0037909838736526,-0.0246042512769812,-0.00499644944301963
-0.0261067988987099,-0.00339100117046454,-0.0264800334716095,-0.00648315054714918
-0.0278488568578903,-0.00943627876628103,-0.0244816264251486,-0.00745310465411041
-0.0208683524900129,-0.00384897906946975,-0.0283748056156479,-0.00774477710517529
0.000297349070011147,-0.00586814086927634,-0.0207831582733869,-0.00348408623653412
-0.00634611607470511,-0.00438122559841948,-0.0231369912795065,-0.00430092552904115
-0.011977362627793,-0.00744935014311199,-0.0287234884667702,-0.00885554192702043
-0.023184504973342,-0.00498388201639542,-0.024190119443369,-0.00437345655219834
0.0027466742332124,-0.0133799669918417,-0.0302499091781355,-0.014141422450249
-0.00799787618249959,-0.00386901985312471,-0.0257454427377986,-0.00766405102441579
-0.0358571724214257,-0.0118147275646381,-0.0288510683853215,-0.0131798536396674
-0.0339762209594979,-0.00836937169775043,-0.0289468951895112,-0.0107377449698749
-0.0156545932347812,-0.00574710714449561,-0.0267903276607067,-0.00790143785794908
-0.009259166638869,-0.00928381204253118,-0.0285295516966378,-0.014422277512445
-0.00474562850218529,-0.00355697866694678,-0.0301888579383562,-0.00710963395521287
-0.00902076589188221,-0.00445683410531638,-0.0283531105580911,-0.00719930989185036
-0.0107057658785578,-0.0116356445345964,-0.0300123882916796,-0.0131214417112951
-0.0205837126289129,-0.00378617196306352,-0.0256043975690147,-0.00564001617423122
0.137452412169937,-0.00640622920266593,-0.0182881546141519,-0.000386373833866007
-0.00459098741541834,-0.00369743029329985,-0.0231936583712315,-0.00501333929162064
-0.0199927225372162,-0.0039184285917791,-0.0247810973052901,-0.00382278451629714
-0.0211670935370936,-0.0140036202534041,-0.0280212788901569,-0.0141617661645819
0.0012079568829806,-0.00784548795070505,-0.0227723563698278,-0.00539305544751994
0.0268726486288466,-0.00866312382147994,-0.024768231959618,-0.00759087575431929
-0.00564086894775478,-0.00688427358012186,-0.0254116998309523,-0.00571514819124202
-0.00928425495440137,-0.00264163173778009,-0.023046151068475,-0.00156335016380196
-0.029523092711057,-0.00615776396039943,-0.0278125556307452,-0.00763479735780094
-0.0151371861440821,-0.00592775713643476,-0.0280451912109632,-0.0066074623069001
-0.0397446841288732,-0.0074053668134274,-0.0288526619718727,-0.0103199389256625
-0.0061731412815566,-0.010851735195795,-0.0292437616205967,-0.0123383367626322
-0.00673751137540413,-0.00449642142157422,-0.027880935797887,-0.00730916094047216
0,0,0,0
-0.0274166082422548,-0.0106293779298649,-0.0316932009364599,-0.0114336499955462
-0.0153984622438551,-0.00889926048157739,-0.0280252849347726,-0.00864009245041625
-0.00419955776207072,-0.0106702610376139,-0.0293729488172247,-0.0104226333179588
-0.0233880279920925,-0.00775506625437521,-0.0256877494029835,-0.0077177140865909
-0.0114770978877967,-0.00794307471628863,-0.0300213209591058,-0.0096396725228281
-0.0112667035902158,-0.00354156201387267,-0.0279494181238747,-0.00568616035549944
-0.00911516873741135,-0.00453143690733621,-0.0297843777843519,-0.00970802759457392
-0.0118676649754367,-0.0133605851080698,-0.0315750089345758,-0.0160993556533267
-0.0407982120787245,-0.00896270562171533,-0.0263409959318895,-0.00797552714791999
-0.0113578759647048,-0.00958089533541333,-0.0288990197706607,-0.00972551955179921
-0.0128324757359163,-0.00459788481729612,-0.0259444346254814,-0.00723179872229534
-0.0318077209749353,-0.0100592270804348,-0.0300680746531925,-0.012942842774889
0.00152471454136162,-0.00883832375626382,-0.0242620024578894,-0.00821785243293783
-0.0230319749173676,-0.00703031053685444,-0.0264677707662801,-0.00628845894314982
-0.0209888895078455,-0.00498133949534954,-0.027874585082425,-0.0123790707737239
-0.0177727388408969,-0.00756332753241198,-0.0252301322504999,-0.00852601500873911
-0.0073322818288175,-0.00658458103710862,-0.030274749150809,-0.0118287509206798
-0.00656435073887324,-0.00560508832879323,-0.0264609058993686,-0.00665598754840986
-0.00760855156211037,-0.00387116634634504,-0.0257942498385517,-0.00525426432706684
-0.0213410978193713,-0.0061178288648286,-0.0241704831289778,-0.00595249184978863
-0.00975465281483555,-0.00355351257285804,-0.0289538201712225,-0.0105429460871733
-0.0150156555168984,-0.00536950132303532,-0.026423627528286,-0.00890132943130826
-0.00173284392252947,-0.00731526019451865,-0.0253517822387057,-0.00584083988633942
-0.0197701072884241,-0.0048414038625162,-0.0273708641640513,-0.008374099576046
-0.0230625330779052,-0.0102204061115431,-0.0291669536342277,-0.011455432770076
-0.0201265658752862,-0.00580369100414988,-0.0291957678082449,-0.00971574628399126
-0.0092243928356126,-0.00499259275624952,-0.030479536992824,-0.0109858461558061
-0.0409798796550021,-0.0048643743937057,-0.0281609869141174,-0.00609999983503253
-0.0147877566532534,-0.00566548951243871,-0.0259584354211345,-0.00720336133068812
-0.00406382164319623,-0.00563230592783705,-0.0284458085510944,-0.00845725876657638
-0.00257142983352442,-0.00271611759962779,-0.0269931177537701,-0.00462859013157126
0.000787302494558202,-0.00487432587217328,-0.0241069238848902,-0.00793574328003835
-0.0172197632731987,-0.00453357312403992,-0.0279365272027273,-0.0100032063216201
-0.00568949414557137,-0.0040670762947083,-0.0220170603216567,-0.00664738568583041
-0.00855693974546327,-0.00432829507384091,-0.0252462505553182,-0.00477232319660433
-0.0202945542755892,-0.00634765914189666,-0.0260688857430363,-0.00882449293652203
-0.0158304525178895,-0.00555390688445606,-0.0251575828540176,-0.00630163074823391
-0.0215110178286299,-0.0113606188229859,-0.0267028557788359,-0.0108500017985252
-0.0211811167344581,-0.002590725026159,-0.0300283931330364,-0.00768429463136203
0.0100714466333894,-0.0178828458142462,-0.0338559866274229,-0.0174335518738034
0.0166682714777327,-0.00509548478005144,-0.0249364729604148,-0.00355935321143463
-0.0296104879801445,-0.00398769351259367,-0.0320605459294859,-0.00654263933436267
-0.0230478896131215,-0.00615203242273556,-0.0307522786225713,-0.0069700302918924
-0.0320905125748556,-0.0130206267922156,-0.0336473797644117,-0.0184346165206212
-0.00241120167110713,-0.0035966359353338,-0.0300339657909667,-0.00515957322239324
-0.00578681020064804,-0.00492217852787347,-0.0291282611471794,-0.008735661577615
-0.00610493632154533,-0.00860582643122162,-0.0269303930309982,-0.00943658420394574
-0.0322593663396747,-0.0128374258851491,-0.0334800669965603,-0.0154409303243157
-0.0502411985174609,-0.0134977705461609,-0.0310258054938112,-0.0139837085697164
-0.0336889784126131,-0.0135305830101931,-0.0328332622830258,-0.0149397822722398
-0.0314853885960638,-0.0126866084012557,-0.0353966761343813,-0.018227975180376
-0.00754909742302966,-0.0117263229301258,-0.0306985545114726,-0.0143363891222721
-0.0185830473946493,-0.00878029778953636,-0.0313762987264463,-0.0128340416700209
-0.0112768564120234,-0.0103186932460712,-0.0278597063221661,-0.00964247485712574
-0.0283043638392204,-0.0106264802434438,-0.0283959968928356,-0.00926513907582561
-0.014507652955184,-0.00935285216878785,-0.0297712204119294,-0.0126764836698003
-0.0274475258437144,-0.00442261743300482,-0.0317226355585725,-0.0096741094708388
-0.0215988515137884,-0.0098118884151517,-0.0316826185515949,-0.0141322776976536
-0.0110881106174693,-0.00651850569848584,-0.0363676549970493,-0.0146740236264758
-0.0286046048694348,-0.00609314420244634,-0.0317196881292347,-0.00765401913676899
-0.0105939545057421,-0.00848176494361965,-0.0287336637369692,-0.0130955344981629
-0.0323489227428623,-0.00837823344370192,-0.0356961273848637,-0.0148550496729765
-0.0280155899560412,-0.00970580276518867,-0.0331089728669418,-0.0133690028031146
-0.0178543578301376,-0.00626225776289571,-0.0313344872607065,-0.00984724459286381
-0.0334243300287912,-0.00790813950568903,-0.0313037805129056,-0.0139831979007297
-0.00802861976005539,-0.00409192870359559,-0.0269138116861369,-0.00693430740552731
-0.0170004569842613,-0.00435170120222308,-0.0290063866236562,-0.00668131623026531
-0.0017925004501167,-0.00595920308901958,-0.0306616756144277,-0.0100392386608741
-0.0357921371828165,-0.0106812927578856,-0.0310890415028455,-0.011675071613271
-0.0174029127442889,-0.00545477873193998,-0.0276878118909993,-0.00711384154823023
-0.00471011713976107,-0.00373443192191708,-0.0243999724996094,-0.00405288842774994
-0.0243571566930392,-0.00380381730384565,-0.0323489170451431,-0.0121647758745876
-0.0245635553336681,-0.0101953939512402,-0.0296918756187631,-0.0151488999077522
-0.0265755833935124,-0.00685031752387634,-0.0328504903468072,-0.0194398893584163
-0.0231239047099381,-0.0110039592650297,-0.0282612680345189,-0.00852600379501053
-0.0167278408561137,-0.00654136781928348,-0.0304620475724978,-0.0150030446959146
-0.0222588861870964,-0.0110802076590789,-0.0332037530491879,-0.016161914461299
-0.0191579072489664,-0.00996269161453609,-0.0357184063612742,-0.0179422666819081
-0.00618738071850745,-0.0127776435024361,-0.0285391363337018,-0.0135696961509423
-0.0273273235885638,-0.009810982849388,-0.0321505706677369,-0.0123394256464234
-0.0575025846490799,-0.0101618882068349,-0.0356432343351614,-0.0143753092549523
-0.0238597440727354,-0.00843974003368004,-0.0326709614055916,-0.0168934050789914
-0.0146918309119943,-0.00846197776327445,-0.0270637566672495,-0.0101153696146396
-0.0179557295274362,-0.00998805589231347,-0.0297823062408101,-0.0117735537774011
-0.0240910190551661,-0.00759795092785899,-0.0311417904393211,-0.014333766459236
-0.0135522765384304,-0.00640275513706659,-0.0256011142244712,-0.0103532537848591
-0.0342172025970609,-0.00728124142077473,-0.029627978913556,-0.0107138663703181
-0.0139595842382641,-0.00798372484301633,-0.028065174682795,-0.0115079089359844
-0.0353682036140508,-0.00493819692281829,-0.0320706898862303,-0.01464069232529
-0.033946089742357,-0.00779150365262765,-0.0331964712577916,-0.0138491816394697
-0.0240469875656997,-0.00659689825428742,-0.0288389791007205,-0.0126595830902602
-0.0142572961570861,-0.00553595696262375,-0.0293129239068624,-0.0136005203778587
-0.0207128422752308,-0.00301805360248635,-0.0286160360011221,-0.0112650021825488
-0.0211523065325945,-0.00970858650599076,-0.0306606302820106,-0.0154546034063756
-0.0209564850895533,-0.00630249082486742,-0.0292083620951381,-0.0131405915285867
-0.0289057417426723,-0.00892945794397746,-0.0315524748674668,-0.0135162172893797
-0.0174376404639668,-0.0111135266788081,-0.0298592472188179,-0.0136453951400189
-0.012155602626464,-0.00548575536256732,-0.0284921405988488,-0.0135649730128414
-0.0175540166812766,-0.00724514294722567,-0.0263301310860432,-0.0103282905319566
0.00119075229965341,-0.00848923330309229,-0.0285579113609922,-0.0152799179131208
-0.0170228586878192,-0.008458573324765,-0.0307786200682284,-0.0154951346180987
-0.0172778234025089,-0.0094478445348871,-0.0288083547093102,-0.0145860030512232
-0.00653545293241852,-0.00526692132316998,-0.0343859615799729,-0.0168484655572371
-0.021132381051883,-0.0124086098176885,-0.0279111913051412,-0.0134168591549733
-0.0239417883966126,-0.0110922608818772,-0.0300795157220622,-0.014835140006018
-0.0269955910244309,-0.00950771936482695,-0.0283251914489184,-0.0111179411836547
-0.0325648186088753,-0.00832703148320046,-0.0284683480616345,-0.0126402407768312
-0.0130778210404099,-0.0115219404436107,-0.0277840140830601,-0.0114210294603029
-0.006899296238879,-0.0106591393815696,-0.0294305678022076,-0.0154461224426866
-0.0108661252007508,-0.00790677425629985,-0.028219161465596,-0.0108675914541182
-0.0143642438268418,-0.0117409220084083,-0.0297025725132723,-0.0127340822858071
-0.0108463145424403,-0.0124264643382215,-0.0286381301284406,-0.0119081702440884
-0.0120224319860401,-0.0099813718737342,-0.0272883586258073,-0.0105273597717786
-0.00579928069396928,-0.00925680749728958,-0.0254113867902061,-0.00944180108239064
-0.0262797833674464,-0.00895799758900234,-0.0322747359523954,-0.0111547888696312
-0.0279806155327092,-0.00831284194494365,-0.0283161229869093,-0.0123128595349942
-0.0120163136379406,-0.00577863962247195,-0.0342873550659813,-0.0132587761805435
-0.0266190360005951,-0.0129567826533346,-0.0321422831212531,-0.0166788810230067
-0.0349917098517759,-0.0103311511119717,-0.0336200936673505,-0.0167467163104981
-0.0502257932966208,-0.0106408442270636,-0.0304731472980607,-0.0150813913237302
-0.00576579486222631,-0.0110667412020408,-0.0330516669552403,-0.0157555429501866
-0.0213699921765889,-0.0100181464419541,-0.0354212940031893,-0.0192371697210222
-0.0218623711623573,-0.0132363494723386,-0.0351271050007125,-0.0195658956872883
0.0142072763365556,-0.0165561635137408,-0.034034322156391,-0.0153272608632615
-0.0439686326187418,-0.0129221771792141,-0.0387211290346707,-0.0183838017618243
-0.048549039798205,-0.0148576267345547,-0.0360233704775739,-0.0146491034413568
-0.0288386781780796,-0.0186733332264295,-0.037144299132423,-0.0174084904306392
0.00405502677517485,-0.0174848637418902,-0.0363734932584758,-0.0183063339632786
-0.0099089040247249,-0.0184220069997346,-0.0354741439347527,-0.0151710676073719
-0.0411830157818195,-0.0151433853682523,-0.0423412657387823,-0.017809447216745
-0.0392346043206007,-0.0145679694213949,-0.0360747448735669,-0.0167473246595977
-0.0302279821955364,-0.0142587235771582,-0.0413189628057637,-0.0191124969853833
-0.0255776605728652,-0.0145135163150055,-0.0393404341356072,-0.0202135428995069
-0.0216881426364176,-0.0144048423802691,-0.037669714478666,-0.0183361867450124
-0.0115973651240496,-0.013610354330875,-0.0362782343564804,-0.0188503301137414
-0.0174260507600352,-0.0144695894616325,-0.0410246589103313,-0.0232913350437104
-0.0199516399595774,-0.0147941141977159,-0.0321177024348504,-0.0152161957170724
-0.0178747159793779,-0.0152690971497158,-0.0370156701052307,-0.0186988679080562
-0.023897359933108,-0.0171506097273022,-0.0321674523398461,-0.0164461507795443
-0.0275796947431488,-0.015099138275758,-0.0345226034555635,-0.0174871391686015
-0.00614934298320683,-0.0159403858953942,-0.0337412072815863,-0.0171102846284382
-0.0209756668857065,-0.0125140809483355,-0.0315147228482435,-0.0161504018310757
-0.0155799144983274,-0.0147567936258586,-0.0329489181079605,-0.0168360110437356
-0.0042556215701172,-0.0131610031193887,-0.0341802340396451,-0.0174819402895257
-0.0266968087920651,-0.0138977854430724,-0.0351153337402246,-0.015561150959587
-0.0213601664251125,-0.012966220654626,-0.0353115889885407,-0.018254256583234
-0.0212084150233199,-0.0120835302160409,-0.0315672435363859,-0.0163790925911813
-0.0412190294433776,-0.012107384266908,-0.0286454507009328,-0.0141213740036566
-0.0162699553534664,-0.0129284191513493,-0.0322893405227512,-0.0154607942701224
-0.0265299999581073,-0.0128617621389363,-0.0316757772016096,-0.0155639794044018
-0.0142381731456367,-0.0137974051807235,-0.0284881823791879,-0.0145438233099938
-0.0153002130728621,-0.0107026070933394,-0.0340009351690464,-0.0191394333982667
-0.0373444720337403,-0.0140409980914787,-0.0361238605082241,-0.0171204553774505
-0.0325977104784655,-0.0130009169461465,-0.0329996496246558,-0.0146486573269951
-0.0524525443802305,-0.0125468050291939,-0.0342198478483849,-0.0160927747426738
-0.0843784504195884,-0.0141668711409423,-0.0350661789594883,-0.0190654312328029
-0.0306942959112416,-0.00992478605682909,-0.0334237941455531,-0.0164506305394013
-0.0175774324788359,-0.0127750467050278,-0.0342434589086209,-0.0173830725185059
-0.0515579789915731,-0.0152737569638884,-0.033245337085735,-0.0141675467019041
-0.0427462066641813,-0.0131370447802362,-0.0369386520220746,-0.0180697346581954
-0.0207256036954728,-0.0118469316298127,-0.0316609873976112,-0.015601737820531
-0.00170195291606465,-0.00816554344531624,-0.0285909438305721,-0.0124186308134043
-0.0132056334233562,-0.00974738233768162,-0.0333176147763416,-0.0170218992019562
-0.0190633192747366,-0.00602726393949216,-0.0363666432030991,-0.0150556475919549
-0.0424861708357591,-0.00668053513655719,-0.0315347114129233,-0.00958664072378122
-0.0771189335895388,-0.0119408578210125,-0.0392909184804671,-0.0173615568934929
-0.0516688382218853,-0.0134314653843176,-0.0361434380889668,-0.017147777701789
-0.031368442592664,-0.0176578508071,-0.0413240723093607,-0.0213107202968728
-0.112055140721192,-0.0133944507132597,-0.0396113052456821,-0.0159029484882509
-0.0215323392153421,-0.0115362972722256,-0.0342589919596675,-0.0181294949103193
-0.0277335074321905,-0.0102212163624931,-0.0362392714921124,-0.0199426226873196
-0.0144709479645062,-0.0140973101479877,-0.0320586658594613,-0.0178778736615273
-0.0153666376530118,-0.00570318718475785,-0.0331955380003888,-0.0198917812602292
-0.0129269617025519,-0.00723688697285645,-0.0382640861828473,-0.0178897401927465
-0.029789351437789,-0.0107341234603463,-0.0451540222223894,-0.0222753634879605
-0.0174817705378732,-0.00616175121889184,-0.0353854902648645,-0.0197758674875763
-0.00924684539633304,-0.00010880195562629,-0.0396887300256593,-0.0226933550105669
-0.0198108119506514,-0.0110812902000539,-0.0314424758261374,-0.0130047168480189
-0.0218547894860837,-0.00876143207304666,-0.0353498429562038,-0.0162031174072524
-0.011752530727359,-0.0141149974720263,-0.0465748339188545,-0.0238567716360109
-0.0145701167059615,-0.0155042711652686,-0.0447307814855979,-0.0269364336919523
-0.0468668965829947,-0.00880036681931411,-0.0416070458393533,-0.0162804210842025
-0.00236030593077719,-0.00737752547357866,-0.0473987680864656,-0.0229675305492497
-0.0389146262057529,-0.00821019103875773,-0.042241645555793,-0.0154982590892175
-0.0416238763710923,-0.00988526906272403,-0.0441287441185078,-0.020060167455947
-0.0601270967536889,-0.0237002315152368,-0.0432983419173839,-0.0228304677397082
-0.0443750168275122,-0.00568746208671155,-0.0418501197272984,-0.0115265807626306
-0.030987607919462,-0.00649844782819333,-0.0411481322363696,-0.0163265563014953
-0.0359914504663218,-0.00530967688170944,-0.0368745047638947,-0.010681200538513
-0.022774183111853,-0.0049239462177416,-0.043220703964247,-0.0186261984852162
-0.0138673297934716,-0.0046256029936455,-0.0357205399359828,-0.0110531669701152
-0.0274315294650522,-0.00346666340283214,-0.034623318896614,-0.0100180953327427
-0.0292029413520962,-0.00760241368661132,-0.0384802849740843,-0.0129795741729639
-0.0182270954523496,-0.0145167869373545,-0.0342828154541689,-0.0194016398056157
-0.0244412175559574,-0.0145132428251994,-0.0318290504907976,-0.0178021080697143
-0.0230445554357888,-0.00932842935602875,-0.034453994791226,-0.0163419943920887
-0.0332640861819135,-0.0115361901170149,-0.0396578326341699,-0.0187949716891262
-0.0481525887655829,-0.0131365883362677,-0.035297798390318,-0.0152197531668615
-0.0171400636461109,-0.00136781664654067,-0.0321202957812411,-0.00852172168260145
-0.00916662572054012,-0.0118857720748233,-0.0362699858261294,-0.0174869911774144
-0.01094411216173,-0.0100802154244491,-0.0349749462421674,-0.0148558619698707
-0.0187542744741094,-0.0119344683839625,-0.0321237898152077,-0.014601552443696
-0.00692014232751464,-0.0104580929682843,-0.0308040316773643,-0.0151218995632515
-0.0152001170225534,-0.00982570613526286,-0.0341773512987906,-0.0191667319159707
-0.0335232186566509,-0.0112873664116131,-0.0342304238231244,-0.0176674163691266
-0.00217004922511477,-0.0109573365432075,-0.0304359829967497,-0.01404693057365
-0.00483923507816954,-0.0110041137552218,-0.0291856978160266,-0.0167131970319509
0.00279882936267101,-0.0103278978228971,-0.0354662740526737,-0.0153696218975253
-0.0175632481176906,-0.0180963969155366,-0.0413857671451871,-0.0226639148116596
-0.029368210875148,-0.0113434977346916,-0.0345152509575322,-0.0142660435871057
-0.00107201187527117,-0.0113662063362255,-0.037748295394252,-0.0166083991962651
-0.0213594092337233,-0.0120186346539339,-0.0348299858322376,-0.0161240662342061
-0.0394381221345228,-0.0132399436422088,-0.0364384995221125,-0.013563358767645
-0.0172101908706314,-0.0113232417797182,-0.0395918028444566,-0.0145057725553879
-0.0191822962515728,-0.0168975802400775,-0.0352733831371491,-0.0146902735998861
-0.0317693164671698,-0.0148364074263503,-0.0390009757316416,-0.0178028969448602
-0.0318075060497634,-0.0132635127671749,-0.0367831343401805,-0.0146439289895414
-0.0324404754554131,-0.0126389196762975,-0.0327322026998759,-0.0135203925331216
-0.0308386039942136,-0.0139568547370182,-0.0332577425314493,-0.0127921061848163
-0.0155721178837087,-0.0156150913380111,-0.0348672938915464,-0.018381213186453
0,0,0,0
-0.00685557773030402,-0.0169103582498163,-0.0309749975497323,-0.0160888829791926
0.00470229794286096,-0.0119647415399738,-0.0364860834075931,-0.0178950738577195
-0.027630336468705,-0.0147372605545927,-0.0352986417903512,-0.0157627157246887
-0.0347689292966722,-0.0126952213107084,-0.0367932738195369,-0.0143105992809312
-0.0259440313154314,-0.0104322107595956,-0.0411673466566964,-0.0167923095538147
0.00217329746559756,-0.0100288741510497,-0.0365277571772579,-0.0137131819607962
-0.0334214383559344,-0.0165968786509681,-0.0359572967692018,-0.0180027515172727
-0.0441226021975332,-0.0157223007345859,-0.0379768489292389,-0.0176182060357545
-0.00679284622322073,-0.0165123488704496,-0.0353822743805366,-0.0211945674486016
-0.0389896751543843,-0.012990200356004,-0.0295611531328984,-0.0126133137933502
-0.0222268565074002,-0.0109605228148882,-0.0347591619800818,-0.0124466952592166
-0.0303955536164626,-0.0121774540955206,-0.0340878769673903,-0.0134961126992507
-0.0247115513590419,-0.0122078967178412,-0.0351839227823995,-0.0145387350113541
-0.021370717260707,-0.0123161211654386,-0.0315815196599823,-0.0129408470772203
-0.0613937853963868,-0.0145046409973636,-0.0337717052710843,-0.0142349206690732
-0.0251970206193584,-0.0131252668697464,-0.0329924347500732,-0.0132824842093827
-0.0219627908104819,-0.0117800816202331,-0.0315441127513533,-0.0128620689458791
-0.00959278325428648,-0.0146287063785974,-0.0314289988643925,-0.0147225778333681
0.00639590120171114,-0.0116883188403596,-0.027634895101835,-0.00899574064941748
-0.0224188423992067,-0.011893221468513,-0.0291343415686757,-0.013906647325078
-0.0173191781019147,-0.0125060522222876,-0.0337066516453124,-0.0159236163114951
0.0246659566915051,-0.00919014095688805,-0.0253479296965708,-0.00928518840818529
-0.0170420514191648,-0.0091834196361617,-0.0281758936653861,-0.00920941447762511
-0.0141690656998829,-0.0098006520540972,-0.0292671227138911,-0.0133270679305415
-0.0147546365740261,-0.00921368400945835,-0.0313900354986657,-0.0146462472357093
-0.0210895892665036,-0.00771821870878622,-0.0327509540037241,-0.0125328639448485
-0.00134155629844976,-0.00645410466768007,-0.0299370159020579,-0.015273314635951
0.00457031257768375,-0.00665204308095185,-0.0288592175095571,-0.0119641666423208
-0.0155788480377808,-0.00440143552756414,-0.0306974523805479,-0.0120215027342004
-0.00238382823299116,-0.00355387310203808,-0.0332351540954746,-0.0132878995593634
-0.00190077256541578,-0.00225766499537298,-0.0349303318547447,-0.00928509621581415
-0.018294060284285,-0.00654910631927474,-0.0329568572004808,-0.00842488356849064
0,0,0,0
-0.0100993837034591,-0.013043956056927,-0.0339576261597253,-0.0134868489860083
-0.0176450050829101,-0.00689261959064104,-0.032046088729618,-0.00865750404793991
-0.0151073929689868,-0.0120830798605904,-0.0314474258327174,-0.0130718447998843
0.00285654970096944,-0.002869828215563,-0.0289290862515303,-0.00682912127972622
-0.00590231438150074,-0.00804869094933692,-0.0323991452575069,-0.0119070366988957
-0.00885317460595694,-0.0119333644879043,-0.0324707396422448,-0.0132382338291453
-0.0407852080197736,-0.0118712493711678,-0.030980131829585,-0.0126966087688086
-0.0155042229015423,-0.0116069574241376,-0.0359992821222685,-0.0155746216327562
-0.0280262293291367,-0.00874114552240386,-0.0337715088331333,-0.00818151261771381
-0.0200048205487089,-0.0126692727374936,-0.0348537195021938,-0.0147697512342052
-0.00379282651731673,-0.0061399720809636,-0.0403803619813846,-0.0132408241198263
-0.025953547967934,-0.0074579120382668,-0.0435801295831275,-0.0177365381325316
-0.0210919186097153,-0.0133533609048797,-0.0380435503243771,-0.015724635776532
-0.0276858111394242,-0.00996835268644797,-0.0387987531852828,-0.0112960340605414
-0.0090819926607093,-0.0109859274165765,-0.0377377423062285,-0.0150874116198747
-0.0128586319113347,-0.0103932672625892,-0.0441258914867762,-0.018176972542846
-0.009644725523955,-0.0111297691863307,-0.0341206158279075,-0.0127528013383847
-0.010949943295714,-0.0142406594295433,-0.0360857910961425,-0.0137464405393815
-0.031099884797995,-0.00953510866536879,-0.0393498205980025,-0.0100883500719335
-0.0104553989227284,-0.0101153685275457,-0.0437742783288118,-0.0180184882022395
-0.028252087206601,-0.0106901677349028,-0.0393532798354083,-0.00983593895329546
-0.00825503649468109,-0.00644144122902259,-0.0399296325552356,-0.0122603681479586
-0.0262017060455501,-0.0141508384150004,-0.0508937713894357,-0.0242575256338028
-0.0199890215182254,-0.0126891961564288,-0.0375661215176863,-0.0161489859301304
-0.0281428136639019,-0.0154493050595391,-0.0356690471660476,-0.0137287416263577
-0.0677465019709875,-0.0124503054913361,-0.0445526107395134,-0.0168955056427441
-0.00553198979354902,-0.0214742290846693,-0.0427645098896157,-0.021883917005673
-0.0427041268717261,-0.0155520675270271,-0.0382128559454113,-0.0132743575380673
-0.0483483987529508,-0.0101087234983241,-0.0434264388993802,-0.0142462563294386
-0.0153118815720323,-0.00800733953042525,-0.0360938938250457,-0.00943872886132702
-0.0156286773264441,-0.00929590873806158,-0.0408630739098093,-0.0160196734367485
-0.0199474073158931,-0.00714437376939958,-0.0388755859258727,-0.0132898900192161
-0.0158916565463145,-0.00996261998505386,-0.0342600965828103,-0.0125143546299619
-0.0321311265975184,-0.0120173876797615,-0.0408719942673598,-0.0134536273223131
-0.000617784132659145,-0.00554660524607897,-0.0342597728831879,-0.00564648599106226
-0.0290750333543363,-0.0114731878980442,-0.0376590671868594,-0.012645855171262
-0.0287950946594462,-0.00903629340476674,-0.0381172994608784,-0.0126644750282682
-0.00490147184773045,-0.007299852834283,-0.037154046139535,-0.0128291097925761
-0.0171378736586827,-0.00523520405897437,-0.0359724348417683,-0.00836836898868278
-0.012442793139129,-0.00528180551535447,-0.0349254927352291,-0.00796383439409167
-0.0217954205797328,-0.0074997942915124,-0.0356561695225975,-0.011196518546793
-0.00868275530966322,-0.00825224862099458,-0.0383630719332435,-0.012201512388197
-0.00754437216413477,-0.00759634247004964,-0.0348845171325767,-0.00914299237213194
-0.097153682832442,-0.0218421005456756,-0.0389596945873775,-0.022738169454997
0.00400499041234376,-0.0096336350550796,-0.0372439284111187,-0.0164445270968967
-0.0288156165583513,-0.00977441130320732,-0.0344396104610809,-0.00873996947196604
-0.000938570295831676,-0.00398232026504624,-0.037384962826407,-0.00785493331505851
-0.042027415363525,-0.0130293818614207,-0.0390683193350588,-0.0125021629669129
-0.0455047426218569,-0.0115275500949901,-0.0389916337618559,-0.0104640649350226
-0.02724563142938,-0.0104491086673272,-0.0400857784907165,-0.0130951485249969
-0.00424223837988603,-0.0103303066340442,-0.0353537989371795,-0.0128689551440272
0.00185865928061036,-0.0165946857748744,-0.0412978864945307,-0.0214946329596127
0.0107300765678319,-0.00996186585918163,-0.0392238625148675,-0.0145300876286986
-0.0111251025524361,-0.0066422018566712,-0.0349775404796391,-0.00891917673996058
-0.0288311640420282,-0.0139690235320042,-0.041007019384765,-0.015994670258228
-0.0370219419417494,-0.0114602368182907,-0.0392270090943401,-0.0127306945257362
-0.0105222872614581,-0.0150184241119466,-0.0393821764929845,-0.0180340154682492
-0.0158699843797713,-0.0118730003183797,-0.0352504148929588,-0.0145848255107284
-0.0129832505116832,-0.00734473600475684,-0.0348588453598117,-0.00991355818274644
-0.0347841699145133,-0.0172809252306606,-0.0375266829791797,-0.0155288320137618
-0.0237092955907868,-0.0148581313295565,-0.0383740370494191,-0.0180653302101217
-0.0222342777745413,-0.0109345308238058,-0.0417961654461909,-0.0200341805284714
-0.00589301491330083,-0.0131153272170777,-0.0354001805304174,-0.0161509242408893
-0.00802682417883314,-0.0047034988983186,-0.032934754291869,-0.00913757253535415
-0.0127041577017168,-0.00954443636976309,-0.0334270801397067,-0.0120012687401282
-0.0293849776624237,-0.010513280452151,-0.0303060425239483,-0.00999601349447812
-0.0147711428889157,-0.0126657766807046,-0.0368869379314687,-0.0172206469854522
0.00414826908238508,-0.0102075335158199,-0.0317662558223382,-0.0129626421504195
-0.0109706806543686,-0.0120231645956113,-0.0338516231284127,-0.0158009448779026
0.000536050083055525,-0.0128205652080436,-0.0365680839277235,-0.0158050767164549
-0.012491846141783,-0.00966437819439738,-0.0368419442426169,-0.0139335535483884
-0.0203587109443414,-0.0119239864169028,-0.0328507184134766,-0.0122593007718623
-0.0215153323856613,-0.00829996183914576,-0.0304830435184346,-0.00820620286795777
0.00477287174378914,-0.0119374999626441,-0.0317491378425338,-0.0198228788445199
-0.0055412482852394,-0.00513427810755729,-0.0335416772131953,-0.0128903409226775
-0.0316079493845363,-0.0133205285468062,-0.0325468745584745,-0.0144082346269178
-0.0258220350408639,-0.00829107945879375,-0.0314724990883809,-0.0115913134598048
-0.0169485722190893,-0.0079550022163276,-0.0316791896198158,-0.0118233142193119
-0.0217779644949316,-0.00447885566706286,-0.032719307336358,-0.00621723392819242
-0.0154067153059204,-0.00655614003734436,-0.0313842639056784,-0.00634945642769862
-0.0246831215352316,-0.00719724382849369,-0.0343987531554938,-0.0111659513545728
-0.0126371175751096,-0.0103812205755698,-0.0328792111319266,-0.0133950984277865
-0.026164134128992,-0.00865705388955742,-0.0353842265183331,-0.0161855686568847
0.0150073472120124,-0.00839870858790245,-0.0414920869334198,-0.0142920297636768
-0.0187872972951978,-0.00996864262878424,-0.0350020067243606,-0.0151790248242303
-0.0235991289658763,-2468391042.9581,-22982433.7993382,-22982433.7775075
0.0113767189681981,-0.00818935468235538,-0.05329577385246,-0.0247738005780889
-0.0496210641361196,-0.0236407884565345,-0.0488833136354675,-0.0249742932044665
-0.0390496913510639,-0.0125303698468523,-0.0526564800366692,-0.0245162233618102
-0.0165825665774559,-0.00946221401357118,-0.0385765443984077,-0.0093404981183451
-0.0315864554766422,-0.0117254429774229,-0.0415701367445013,-0.0141036901151416
-0.00735214909615225,-0.0191374030239815,-0.0483479023527696,-0.028730368124268
-0.0300733564453463,-0.0107104279947344,-0.0394853288428793,-0.0093113447600012
-0.0449541386334647,-0.0106367650768648,-0.0459645403847072,-0.00883643372922701
-0.0156712601965427,-0.0277952943580641,-0.0554192459395295,-0.0365129695241215
-0.00438552632369354,-0.0101460248714232,-0.0423856770256207,-0.0126222917695885
-0.0273949300758073,-0.0077241767876553,-0.0457760521765693,-0.0176819174006097
-0.0341758076911828,-0.00984370229223661,-0.0439558801975222,-0.0132397096639466
-0.0137913550156586,-0.015905360273686,-0.0547135791948873,-0.0298735603379683
-0.0305303164107163,-0.00698338377316126,-0.0360031575165457,-0.00644194824664615
-0.0294298974850724,-0.00765229063373324,-0.0393169322125535,-0.0103041166648107
-0.0227557466872571,-0.00952878418006108,-0.0422582899554696,-0.0136028687802169
-0.0286077145803909,-0.00724064134333386,-0.0370062833278361,-0.00703233103238029
-0.0168202279428717,-0.00842720271509039,-0.0442501637289929,-0.0137076063519535
-0.0162972998543924,-0.0117830754596328,-0.0389952964168362,-0.0146546760008336
-0.0243646220587136,-0.00728267257382964,-0.0405695687343391,-0.0173012051448193
-0.0200586217899304,-0.0106281858549363,-0.0360648281647174,-0.0123820043996741
-0.0152210956774477,-0.00932129621860114,-0.039005992206723,-0.0141294603961209
-0.0305013898723037,-0.00800680720835846,-0.0342379780868842,-0.00698554966580575
-0.0278432417954448,-0.00708424714557311,-0.0366737259072573,-0.0154715681104008
-0.0114697152151904,-0.0035163683857352,-0.0365120735005873,-0.0122408446648679
-0.0308574948331836,-0.011041294884154,-0.0354970226916652,-0.0104431281675524
-0.016873418925426,-0.00546202384070031,-0.0351938124332593,-0.0103259163498673
-0.0224064045454484,-0.00778494144730987,-0.0345270596515697,-0.00842190497871257
-9.28359177497145e-05,-0.0157719126392397,-0.0423740604010636,-0.0296721531803535
-0.00742617840795944,-0.00272336795754449,-0.0293509594743959,-0.00541536477930845
-0.0226082740550049,-0.00670857276417211,-0.0305255178917357,-0.00618367101615516
-0.00426387046494097,-0.0102743397837073,-0.0389360069263192,-0.0130993716011991
-0.0428442619483412,-0.00877266623909462,-0.03454174043549,-0.0132157506141916
-0.0145469748124442,-0.00636700159127221,-0.0327146962365616,-0.0115914359523894
-0.0402776479491725,-0.00851022046615459,-0.0360608336660002,-0.0116360297351421
-0.00629938784411634,-0.0104292485456135,-0.0420078974973864,-0.021250809936947
-0.0891467190462821,-0.00440472450374885,-0.0302731922761556,-0.00304919079156784
-0.0527419387728014,-0.00832540746984266,-0.0380722555663943,-0.0081588077873748
0,0,0,0
-0.0252097443793927,-0.0146093160142174,-0.0386420809415228,-0.0207742091676383
-0.00183906262961268,-0.0135636626687595,-0.0351836713344587,-0.0163680048674141
-0.0206495527812444,-0.0211128602922196,-0.0351542772645521,-0.0201070837173358
-0.00617277250422503,-0.0198375504416205,-0.0358720793380641,-0.0215142926130872
-0.0295435552082319,-0.0183179531231515,-0.0352470659422859,-0.0203501066901828
-0.0157968669493665,-0.0167491496861206,-0.0305766002698751,-0.0181047537923001
-0.0253285442545389,-0.0188957338834442,-0.0320477206504692,-0.0172538630578322
0.000420732311342302,-0.0154256968879447,-0.0360163491925034,-0.0229000064010795
-0.00370845225047193,-0.0127717151067699,-0.0311859808254379,-0.0176395630114576
-0.0111646387041378,-0.0217989949615871,-0.0346812573279419,-0.0213984108624588
0.0100377978685811,-0.0171310522238156,-0.0348334463815139,-0.0217632497912026
-0.023813319466922,-0.0176461801143453,-0.036082298150104,-0.0200221693766259
-0.0131303472397918,-0.0166904341402179,-0.0306114800475257,-0.0179896673376272
-0.0133775379242845,-0.0152437822988939,-0.0305533640866762,-0.0173963865303707
-0.00621210687915358,-0.0154511701472767,-0.0313296418438017,-0.0182766500624135
-0.015805464992351,-0.0157882531592479,-0.0316421999102545,-0.0198059958124117
0.00267762349955714,-0.0152415762000655,-0.0312772558128304,-0.0197597806437372
-0.0135310538891101,-0.013437579556851,-0.0285240617014575,-0.0163482485249889
-0.0187112871252714,-0.0161867479538654,-0.0368376380318258,-0.0230061824983649
-0.0149989523618854,-0.016825257649391,-0.0327352666802638,-0.021487008820384
-0.0190655416585357,-0.0153038160299003,-0.0271572742375458,-0.0160523277461591
-0.0206982671909471,-0.0196552901046247,-0.0344725195544189,-0.0198265839617279
-0.0231046913840954,-0.0193407191909468,-0.0389440397471508,-0.0254681517784775
-0.0289494846840117,-0.0122503794867855,-0.0301536115586672,-0.0162994308992183
-0.0132073748285099,-0.0159841017763733,-0.0343777357556464,-0.0193136031489234
-0.0261957532825784,-0.0124089344243197,-0.0324591274055501,-0.020370489514167
-0.00648995986826585,-0.0158770565933261,-0.0331608837888703,-0.0209713371714328
-0.0207869775374973,-0.0121360324198167,-0.029597336116353,-0.018023769747753
-0.00199179447675677,-0.0134983723871679,-0.0281454461003338,-0.0162366052243984
-0.00519867606642617,-0.0127691239744361,-0.0297067816349607,-0.0190099583489734
-0.0253323813870674,-0.0106344318858016,-0.0261062435115265,-0.0145632954638888
-0.018258513202112,-0.0172008361473212,-0.0302342578320884,-0.0189675307313397
-0.0108680828627492,-0.00817218908683155,-0.0343429084533514,-0.0229185587730555
-0.0129176796309073,-0.0105596612552432,-0.0313614370736227,-0.0187154271307895
-0.0234763419835019,-0.00972279721095295,-0.0249149436640797,-0.01396441005431
-0.0236534503264425,-0.0145851048480923,-0.0318364552254793,-0.0193659260339803
-0.0110114734172349,-0.0104777967488076,-0.0279378036293054,-0.0167557044706571
-0.0150879416427067,-0.0106201645460876,-0.0307077257570832,-0.0182482846136181
-0.000405993208163401,-0.00612149466776718,-0.0286214477210438,-0.0184330677619608
-0.0177532996661003,-0.0128960962502765,-0.0271365529842655,-0.0163020689622105
-0.0222536270173965,-0.0135922562337251,-0.0280297160261518,-0.013765709986808
-0.0250117152433136,-0.0127571859242284,-0.0274085282949524,-0.0145320131069337
-0.120432136172909,-0.0150830817387732,-0.030384536241423,-0.0151851622589865
-0.0280271775746918,-0.014593740642583,-0.0326728774847948,-0.0158930003384845
-0.051773367880913,-0.0124168503954692,-0.0345727615619607,-0.0201327783138925
-0.0437334613117538,-0.0136269002474199,-0.0361470211709934,-0.0212804802021773
-0.0632314070685064,-0.0105899484162876,-0.0299876226172872,-0.0132872280910885
-0.0390664808380679,-0.0142049464228075,-0.036393913420936,-0.019528931019593
-0.0270979071986522,-0.0117918347591884,-0.03769415584505,-0.0209547256799576
-0.012553398952083,-0.0162218852530415,-0.0341216903536384,-0.0203192769973981
-0.0917922824945198,-0.0132108448029528,-0.0326010639068484,-0.0150212458464346
-0.0435629519381559,-0.0166698095569704,-0.0324828626778022,-0.0134964327699119
-0.0140725180555477,-0.0227640875304913,-0.0413939161589736,-0.0285910013829307
-0.0180243697833206,-0.0207049517067811,-0.0436213267485437,-0.0278316424424913
-0.0336433098145077,-0.013602536857995,-0.0472108096146253,-0.0314390645133262
-0.0498668050772027,-0.0142229993308812,-0.0413531200725686,-0.0220644188287296
-0.0403207989030709,-0.0171946761263676,-0.0441288767762394,-0.022712367692247
-0.103783436450338,-0.00861588200861714,-0.0421391150833204,-0.0234885331798287
-0.0429951982884298,-0.0223698848868162,-0.0434443427770666,-0.0256356283162295
-0.0319079633019282,-0.010582458384813,-0.0446421599727627,-0.0254366888975518
-0.0421994218099381,-0.0156063053683162,-0.0578470206435292,-0.0392388548461783
-0.0258017530695734,-0.0191456394613891,-0.0387343597104786,-0.0181571217749273
-0.0369278596327456,-0.0223756960068853,-0.0483872828351614,-0.028684714721427
-0.0519274971252201,-0.0158956147868691,-0.0513512340472522,-0.0272220360668329
-0.0424017320444109,-0.0174309180476282,-0.0522900408751509,-0.0304046430462669
-0.0275860835584201,-0.0178894639408484,-0.0362257503931257,-0.0202601110767097
-0.0559120424852511,-0.0211591235123905,-0.0454357029986523,-0.0232695965537002
-0.0241759166957808,-0.0183103126922768,-0.0499766318923287,-0.0278096154598527
-0.0198626757096244,-0.0156081740454106,-0.0420350139137097,-0.0261688730525105
-0.0356106333602476,-0.0185864356863365,-0.0394571847680414,-0.0235332147035565
-0.031797965291689,-0.0203494594530929,-0.0441477551944716,-0.024925955152506
-0.0134764026155692,-0.0193083342393531,-0.0429042198536169,-0.0258329424037285
-0.0130505363994875,-0.0141517442037923,-0.0474270142119564,-0.0282683966423006
-0.0335128049875745,-0.0147349405454568,-0.0415695331162428,-0.0248534468721517
-0.00819767834262264,-0.0181964014700147,-0.0400895165543535,-0.0231027123559634
-0.048848589336358,-0.0203706350450295,-0.0363222815740756,-0.0170594064711064
-0.0583421312401672,-0.0208744286493427,-0.0415425745905651,-0.0213143842141552
-0.024438738053232,-0.0190778545020004,-0.0425825442030148,-0.0226390526473361
-0.0395748422175859,-0.022022543466469,-0.0408632398701488,-0.0217188677739754
-0.0216525433892787,-0.0174827788954213,-0.0389394754568105,-0.0214326215853656
-0.0410914157120258,-0.0215730493186898,-0.0467995595304649,-0.0241101668284514
-0.00856302652667165,-0.0185235047618958,-0.038862742535753,-0.0201506674656927
-0.0245409415890683,-0.01682295814248,-0.040265446317887,-0.0217231380787483
0.00833497576226632,-0.0135480808569719,-0.04025018630645,-0.0202821154479184
-0.0128449802596946,-0.0146965496840348,-0.0412284257365058,-0.0221039005263997
-0.0216073827453261,-0.0144160271677079,-0.0412530296374454,-0.0238980042837579
-0.048291682754204,-0.0197566365214981,-0.0376572382415688,-0.0199904538848728
-0.0286693032628749,-0.0156752081469582,-0.0432858048230981,-0.0233541947223217
-0.00308729412121727,-0.0152921769419682,-0.0429710287126175,-0.0237078576369722
-0.025660627429875,-0.0114844467682337,-0.0379863082626672,-0.0210035423840924
-0.08591825999185,-0.013306175838779,-0.0445209936926503,-0.0243966616130301
-0.0262397826793002,-0.010586239647533,-0.0400435115093695,-0.0207603075755373
-0.0300278676215111,-0.0127506922683986,-0.0376320332129419,-0.0201264086620916
0.00444648937390557,-0.00840218754124265,-0.0497183385333059,-0.029989212358838
-0.0366413048124412,-0.0111945169494374,-0.0437228175253701,-0.0249182916096632
-0.0183951064653578,-0.0205506431063648,-0.0370077729459715,-0.02134889323869
-0.0176540779303344,-0.0120767255261009,-0.0356350983821537,-0.0207662892819763
0.00213377256815128,-0.00887033907176233,-0.0621122646541684,-0.0422462147915636
-0.0572344382461233,-0.0109696056317574,-0.0458459737061927,-0.0227821333080084
-0.0516556653919982,-0.0104902828149817,-0.0484011003263032,-0.0262355481756502
-0.00405135236309803,-0.00857137000875935,-0.0428413482875343,-0.0233775051633949
-0.0531477019626942,-0.0184673587586807,-0.0387669304790843,-0.0165013445054865
-0.0620982541799579,-0.0117845132461686,-0.0505647694138668,-0.0267931717216307
-0.0275504222612513,-0.011267510618722,-0.0489239497630986,-0.0260821933015559
-0.0472178950483163,-0.0166711053170788,-0.0457279667315621,-0.022730598881894
-0.0310101367895886,-0.0150964059637778,-0.0424040536645578,-0.0237433683262341
-0.00127720624391298,-0.00829458022231367,-0.0593165281659365,-0.035660769974614
-0.0394638667278826,-0.0129789951891098,-0.0398981878963376,-0.0177380170968863
-0.0448658842669605,-0.0106212234908048,-0.0419581546326308,-0.0207295456717997
-0.0305091990620299,-0.011174198706476,-0.0442653631651528,-0.0228113735924856
-0.0161259965493898,-0.0118093113937216,-0.0500613843707661,-0.0286741247421619
0,0,0,0
-0.0406333059409521,-0.0126048358917034,-0.0346566028269953,-0.0160891236337157
-0.0611657768888362,-0.0123290549159008,-0.0400090899861892,-0.0200734559009455
-0.0173677897960991,-0.00855785391702741,-0.0412606550053796,-0.0221422879223346
-0.0210175897868827,-0.012475086106735,-0.0397205328637885,-0.0197838696993267
-0.0262368786012112,-0.0077878356039417,-0.03969926877286,-0.019082344632353
0.00902350089209012,-0.0085561433505807,-0.0374000354140462,-0.0207625881223681
-0.000332909524251866,-0.00942668069960688,-0.0404514397162661,-0.0239875869088732
-0.0165897826547597,-0.00873933798906269,-0.036781218190917,-0.0212244121317277
-0.0117639030620446,-0.00476804290965282,-0.0401487038850507,-0.0226789174556524
-0.0210085797786121,-0.0090942223096395,-0.0330007258310444,-0.0172674400587358
-0.0316409998124134,-0.0126906803864858,-0.0332009903620387,-0.012158884407025
-0.0286248221056397,-0.00590934992365495,-0.0351635979442406,-0.0169934071201412
-0.0173962769125475,-0.0100917449649881,-0.0345775455688284,-0.0186305248367413
-0.013275358469367,-0.00624262483181599,-0.0380576941230212,-0.0234434711118186
0.0185483423152114,-0.0092418343826923,-0.0311768350628463,-0.0140651080899283
-0.0239613512823881,-0.0101583382186468,-0.0338230215573741,-0.0195025653299675
-0.0242885538732335,-0.0115564918652509,-0.0314741859177226,-0.0146783942039478
-0.0303243810481973,-0.0124009001354151,-0.0333027858410425,-0.016398957395751
-0.0306871754951752,-0.0153723587703662,-0.0350502518613555,-0.0181320333138656
-0.0664991757174135,-0.0113627531921723,-0.0364416024968256,-0.018332037462052
-0.0108516231664165,-0.00954812374331371,-0.0361785690748233,-0.020399667445454
-0.0215183433066256,-0.0107151301688757,-0.0334398342173056,-0.0171237585690524
-0.0373270838198793,-0.00893153145588986,-0.0280821976688557,-0.0142102502069091
-0.00854060412910849,-0.00881539134688281,-0.033397892932895,-0.0191240335294317
-0.0270824195508758,-0.0145562827954009,-0.0303443504187371,-0.0131420113801773
-0.0228175896657002,-0.0154196272712174,-0.0391039852650878,-0.0227457043196996
0.0073082506480566,-0.0119944874196117,-0.0332092833055077,-0.0196161672605061
-0.00033857606608655,-0.0131290908751924,-0.0367510362357396,-0.0188857492941281
-0.0237291646389861,-0.0139045469146397,-0.0306661321841356,-0.0164776587369274
-0.054157161370512,-0.0131819935879654,-0.0408766673628925,-0.0203034508477945
-0.0233860394392326,-0.0116036263126984,-0.0320862026937655,-0.019830993243592
-0.0229161382672859,-0.0102953277916274,-0.0334004760873879,-0.0157998411681635
-0.0155071519841279,-0.012416545622568,-0.027380058134971,-0.0151418571732858
-0.018445659274191,-0.0124938248187462,-0.0312486063043718,-0.0177484133582999
-0.0205940624273017,-0.0117897976772231,-0.0310014523044135,-0.0162238415267333
-0.00709016867415621,-0.0076552227643114,-0.0292542820464237,-0.0169926836892997
-0.0133371104135187,-0.0163003808958532,-0.0294472813185222,-0.0160982689903725
-0.0056930879538707,-0.0124395566844905,-0.0300230041655386,-0.0169901279830626
-0.0282252026386098,-0.0100068452505984,-0.0300743618509693,-0.0162219448028397
-0.0125094108652849,-0.012703894564271,-0.0296321231625282,-0.0158650256870404
-0.0159330363689257,-0.0100690310555482,-0.029794604034578,-0.0161042294440096
-0.0193220507710879,-0.0152133077111306,-0.0257113531452864,-0.0140561052876544
-0.0218996241806158,-0.0112203461290932,-0.0300365331206711,-0.0157969449685591
-0.0347645793599077,-0.0144647057477039,-0.0322578765483547,-0.0163647620572662
-0.022094641346753,-0.0143106301119058,-0.0320628740737867,-0.0176649606012518
-0.0187850432990357,-0.0127962875182674,-0.0291277255854411,-0.0167161734309409
-0.00558030174866755,-0.0122225278819926,-0.0301580769802139,-0.0171624931425116
-0.0120763167870175,-0.0101572547418183,-0.0317372122831127,-0.016343206354186
-0.0205249296902256,-0.0121078149194953,-0.0306381917509489,-0.0153017872730409
-0.0123406958983219,-0.0166446858311113,-0.0349926028087868,-0.0203339474130165
-0.0318819605118161,-0.0114981816641784,-0.0365283684525668,-0.0200461852782118
-0.0115538726740703,-0.0166663652023911,-0.0307726353440093,-0.0185973569578391
-0.0188629179140038,-0.0109854208820738,-0.0293969523605249,-0.0174337486484866
-0.00786770538327721,-0.0118537651434748,-0.0336366772945121,-0.0202398364679447
-0.0301346621237485,-0.0102993699944559,-0.028534278288689,-0.0137281588779061
-0.00889884390014933,-0.00795684972831834,-0.0313753752806054,-0.0199605888218029
-0.0212626680553957,-0.0121941035595187,-0.0292130746072718,-0.016848910523269
-0.0147870412983833,-0.00860320610706592,-0.0289414752550438,-0.0154472392449205
-0.0262555609492497,-0.00909292950916661,-0.0301527827435659,-0.0182852152809438
-0.0236164767546396,-0.015557916408069,-0.0266560405091485,-0.0140105145272336
-0.0217814524255562,-0.0157230791301693,-0.032028416012914,-0.0167850996071185
-0.0189461163668571,-0.0141196694426799,-0.0344184310736168,-0.0198484906684389
-0.0154164438014956,-0.0107182661122863,-0.0299806615573141,-0.0164442143592329
-0.0204012985283894,-0.0138875738640786,-0.0314410186475263,-0.0162084918056922
-0.0124992724251794,-0.011635274607035,-0.0332731648626356,-0.0177081265984222
-0.0228825062631748,-0.0125772516838456,-0.0302320481339865,-0.0140239227915462
-0.0245061003647867,-0.00884127276542816,-0.0345923264145875,-0.0180706446911774
-0.0148759413357536,-0.00918353539515054,-0.0332606651314749,-0.0200952367397707
-0.0268186347080747,-0.0139770953330628,-0.035486915634877,-0.0179018025575938
-0.0327089175896524,-0.0137465174137129,-0.0337568075048001,-0.0139492589009612
-0.0235211844068989,-0.0109736364278178,-0.0319201185598279,-0.0157352685511888
-0.0215356597592655,-0.0122897296681982,-0.0318397994576817,-0.0141260288710174
-0.0308022601074838,-0.0124145966570002,-0.0323663610531373,-0.017322296410673
-0.023943040695906,-0.0110293123929864,-0.0337694353255104,-0.0208891663783742
-0.015736473238915,-0.0139109075499597,-0.0329577325781414,-0.0187986096654296
-0.0416187906515115,-0.0134799767334142,-0.0364003708009389,-0.0208308709717864
-0.00540704467098097,-0.00979413611662731,-0.0306967839777976,-0.0182969557041819
-0.0212940524320177,-0.00948384768193605,-0.0303478809191357,-0.0174613709141346
-0.0184327168435512,-0.015433543528954,-0.0335451042368215,-0.0206320474477145
0.00797876157940552,-0.017257265101512,-0.0333231987015831,-0.0220048879011718
-0.0391472443790637,-0.0128853914540671,-0.0329631456534618,-0.0185631629882428
-0.0138319812235438,-0.0132381127965898,-0.0297644005915452,-0.0163310280471884
-0.0161410288489089,-0.0135457946423076,-0.0311282437406139,-0.0172916884152913
-0.0220330382288036,-0.0153368333190813,-0.0364953025224375,-0.0226283656758422
-0.0319956922759469,-0.0155993065988063,-0.0310761167960796,-0.0180553428496792
-0.00917858123827394,-0.0130034297400386,-0.0332483085539852,-0.01989429453289
-0.0165496680800752,-0.0128170825796186,-0.0378911489297094,-0.024414383995185
-0.019717042011772,-0.0131994112514543,-0.0305610271938266,-0.0157808597029935
-0.0107777522294526,-0.0100912081250054,-0.0327580542896672,-0.0192514400688255
-0.028211904539202,-0.0109771877651051,-0.03235364526869,-0.0176800576688267
-0.0163110040455865,-0.0111353143675481,-0.0286320864679094,-0.016790759042555
-0.0495357835266565,-0.0127169112100583,-0.0300637386771821,-0.0138273605163223
-0.0209024813676459,-0.0121811988391817,-0.0333396634044157,-0.0170921038954489
-0.00281784780719787,-0.0148924484183183,-0.0296558385523264,-0.0147199157166147
-0.0191706010498253,-0.0145247621014905,-0.035126403305348,-0.0221461035724212
-0.00781814761365898,-0.0149516113245677,-0.0368096614124055,-0.0208185423359468
-0.0378307440693311,-0.0135370898025962,-0.0293174552092491,-0.017402158878734
0.00110090200242001,-0.0215503792414114,-0.0342905446079802,-0.0211481218271683
-0.0134460201519884,-0.00964000700041943,-0.0300094118261052,-0.0186539838899656
-0.0651598024852501,-0.0110103466330395,-0.0303535164013154,-0.0154069500733953
-0.041753377967453,-0.00690308058487478,-0.0327554262458805,-0.0208247570058389
-0.0247793597630095,-0.00822259143270614,-0.0306214592138214,-0.0175531157000008
-0.0178034815291515,-0.0134004537573157,-0.028038041626117,-0.0155524616650156
-0.026342300665617,-0.0110883137251264,-0.0279703740122588,-0.015593726211384
-0.0249623226905766,-0.0114886003232649,-0.0338045573593389,-0.0197722286598922
-0.0278519708105705,-0.00535477525514498,-0.0344504968268798,-0.0180591485983701
-0.0126623448282606,-0.00975527524728538,-0.0286719005852532,-0.0168743417417778
-0.0298680999384927,-0.0094096554417296,-0.0304704793760976,-0.0155176695065441
-0.0293854670869785,-0.0105049563063288,-0.0332728941946509,-0.0170280117060729
-0.0182952786340797,-0.0124779670821039,-0.0280795415552742,-0.0146132063130716
-0.0109423758915074,-0.00880213560553099,-0.0310077911166675,-0.0180005802063379
-0.0233411720475405,-0.0142268035580816,-0.0283309261612195,-0.015837487959042
-0.0147158909658378,-0.00932838411675016,-0.0324907598973516,-0.0199620083488738
-0.00286213291501757,-0.0113316940359174,-0.034621629666771,-0.0229159491079043
-0.0242358977716581,-0.0113696909275673,-0.0334913157714547,-0.0202193418183567
-0.0220205596696986,-0.0117886175817392,-0.0325800653641825,-0.0180383752641901
-0.0175254336904862,-0.0117831135976777,-0.0305231512893764,-0.0168399416439688
-0.0130003181131385,-0.0116268852052767,-0.0331471402515186,-0.0185592067877966
-0.0200645036519833,-0.0141262686459453,-0.0313005897610443,-0.0185374314697541
-0.0380820740506256,-0.00942330620614749,-0.0279081073810345,-0.0162411912629761
-0.0168589753216941,-0.013544893694115,-0.0309799104168055,-0.0175440615100757
-0.0104121756950568,-0.0133731036841562,-0.0301610934344168,-0.0192269433778352
0.00640772977823115,-0.0103009196899986,-0.0310239758786398,-0.0193712833346558
-0.0209233499460066,-0.00943123053441519,-0.0308212716463939,-0.0185250050478717
-0.028302421924893,-0.013513116716068,-0.0309421058535593,-0.0175008514300889
-0.0169622579662329,-0.0124558927993995,-0.0316490009613292,-0.0196669330908777
-0.0143045141238309,-0.014184991603682,-0.0300471540564788,-0.0190187478792419
-0.0119051958320438,-0.0142150265486058,-0.0307997995911344,-0.0200851933300888
-0.0167592863428961,-0.00943713169868544,-0.0270120538049418,-0.0160231206450758
-0.0217522519524926,-0.0160903601644517,-0.0279983313036506,-0.0177348219052483
-0.0213356972383124,-0.00993124377084401,-0.0305611556144886,-0.0171203074864807
-0.0290483750694499,-0.0122812307869307,-0.0287534145405738,-0.0143226685629136
-0.0220430682016497,-0.00893027913092936,-0.0272627639600712,-0.0156735496266125
-0.0149486273767733,-0.00867253139441548,-0.027623371742927,-0.0170415358966632
-0.0244639315341042,-0.00934737518917883,-0.0299858506669722,-0.0170468286150599
-0.00693478016392483,-0.00839029272499827,-0.0281670492053436,-0.0180094329766376
-0.0175248257401088,-0.0106151701448665,-0.0293845424440533,-0.0170435714790985
-0.0226458334899796,-0.0103850811055376,-0.0278552225431275,-0.014540335458542
-0.0280138780798726,-0.0127172358197121,-0.0288340089557689,-0.0145198384808562
-0.0288844485322227,-0.0117476047219344,-0.0301336804221949,-0.0174437454016192
-0.0901596936549422,-0.0151858299700196,-0.0334641140668701,-0.0176281709334393
-0.015682478604354,-0.0125499300516213,-0.0305218133790435,-0.0191251335917983
-0.039495044053222,-0.0130958794048017,-0.0312455754101474,-0.0195358216702224
-0.0075274443741489,-0.0119042502760203,-0.0332973483402724,-0.0197872261359946
-0.0176624723836455,-0.0136494555845165,-0.0260813751297003,-0.0152493775517679
-0.0250629925317148,-0.0182760266300976,-0.0301748536731613,-0.0181307225980938
-0.0160883001451034,-0.0129140908234456,-0.03024051446314,-0.0173250062721521
-0.0218969096667009,-0.014699196030037,-0.0305915895023313,-0.0177900142987543
-0.0166080476760927,-0.0130080747756217,-0.0265920107369009,-0.014014256909226
-0.0312849077841038,-0.014906074557855,-0.0326201717197226,-0.016987274607313
-0.0100914839867629,-0.0130599588589177,-0.0276862051187011,-0.0142079385462105
-0.0117281715211211,-0.015509797693303,-0.0310327577738579,-0.017219556587024
-0.0242450253838729,-0.018630924135558,-0.0356687141827534,-0.0202526847007909
-0.0232770827404713,-0.0148914620917307,-0.0294619703250954,-0.0166285180519358
-0.0355168158021804,-0.0230915556957895,-0.0361563735215038,-0.0191255609080218
-0.0241153192013689,-0.0123884468459556,-0.0269322330493087,-0.0137910325446283
-0.0378106422126252,-0.0149027673897229,-0.0319939987210129,-0.0175182657603754
-0.0295073217530977,-0.0110546250248573,-0.0309963043980326,-0.0150730869081999
-0.00944913032614983,-0.0172987517202943,-0.0348723267630374,-0.0184686880047124
-0.00428822053892661,-0.0180036714317434,-0.0323111979474126,-0.0187687175280657
-0.0257020270474942,-0.0155088582482151,-0.0333833595597074,-0.0200464463989431
-0.0194601416342631,-0.0143432460886374,-0.031762680213424,-0.0190665011320389
-0.015828312046634,-0.0130288132524339,-0.0284292868743737,-0.0152331611135717
-0.00924032795520561,-0.0131063525926301,-0.0359157421797321,-0.0200280987305779
-0.0181839268766963,-0.012306459282548,-0.0278309767686354,-0.015031541877697
0.000223200196946299,-0.0242477173354225,-0.0339606632320627,-0.0202477551996944
0.0465433043626436,-0.0140528903173593,-0.0605977097118365,-0.0400142957085417
-0.049848249640786,-0.0176501981496347,-0.0476319167370983,-0.019514891743623
-0.0252013466768452,-0.0181516215691482,-0.0481066110609889,-0.0250483085494249
-0.0354013821760494,-0.0172901993693955,-0.0422001666375431,-0.0227782136744393
0,0,0,0
-0.0562297088605552,-0.0242750469243752,-0.0509505587389347,-0.0285248418892248
-0.0424937464449164,-0.0214353514020705,-0.0504529431455148,-0.0281181474740109
-0.042573009863067,-0.0238461348604955,-0.0430617498309853,-0.0195870723441285
-0.0326710485187384,-0.0251787149968656,-0.0459306462763766,-0.0248171309404634
-0.0425038634341301,-0.0207111227275329,-0.0463607916839228,-0.0244039641424987
-0.0452998742417132,-0.0160080891239106,-0.0417106468257832,-0.021195263776341
-0.0179364682050747,-0.0153601997645917,-0.0421180832332186,-0.0235289693809834
-0.0266341723781859,-0.0215583625293389,-0.0427920529891725,-0.0227656397459377
-0.0349432144994667,-0.0169921019735534,-0.0423692856849593,-0.0260438333267015
-0.0257638694241755,-0.019724006281485,-0.0416988650705794,-0.0252463215495937
-0.0324023686025997,-0.0243239603196151,-0.043078604318866,-0.02540317555371
-0.027784460147393,-0.0170800123999174,-0.0413440036046348,-0.0236928567100755
-0.0700228815682486,-0.0170201003138073,-0.0579693327793804,-0.0357799833935587
-0.0369347622876439,-0.0196012453945694,-0.0525864927409124,-0.0264285381949272
-0.0152589755569128,-0.030266462958162,-0.067568391675502,-0.0396247867598533
-0.0382720430145236,-0.0172352617501594,-0.0509696890869396,-0.0233896215008876
-0.0586916888146111,-0.0190109215924092,-0.0497079388085268,-0.0263644953617248
-0.0583085213398002,-0.0184343225340517,-0.0552683313188199,-0.0311250170477746
-0.0424640051654993,-0.0166495173025465,-0.0498835715346328,-0.0252810144019296
-0.041055270705956,-0.0193825275469654,-0.0518886416943875,-0.0310879016855323
0.00367457204296705,-0.015828913256111,-0.0597955165296205,-0.0385769399889719
-0.0401875644063616,-0.0168579278375521,-0.0474880962090668,-0.0227871732196215
-0.0272932640460769,-0.0155075563217592,-0.0533687385371141,-0.031118265157027
-0.022236074313776,-0.0141978141191462,-0.0524222306170929,-0.0346134989472866
-0.0260401123126369,-0.0208351957961733,-0.0508483813687158,-0.0289479969440257
0.00105532840621899,-0.0176920003991408,-0.0604814930678672,-0.0423309955396381
-0.024040905575939,-0.0172408643877765,-0.0424937045730492,-0.0216672487231778
-0.0322008474727725,-0.0147821313510798,-0.0518396486793862,-0.0295261754151868
-0.0830785124688953,-0.010542253958132,-0.0501904614967126,-0.029670162716951
-0.0383726306448216,-0.0138147497177792,-0.0469196093885393,-0.0224895115440849
-0.00725893166840593,-0.0149342563176323,-0.0630240500761858,-0.0419850669127109
-0.033566420052737,-0.0193887312548115,-0.0457473521962916,-0.0222388452286505
-0.0408616818188056,-0.0201228023119905,-0.0435002619810083,-0.0222905083610106
-0.0199326836454171,-0.0145868774409817,-0.0542887182170837,-0.0354415666163959
-0.0264710474166365,-0.0139626199390552,-0.045095544122464,-0.0315658355736854
-0.0173350965538945,-0.0159218356298567,-0.0510184377150599,-0.0322058231374759
-0.0397502090421487,-0.0231059561226286,-0.0565202187487971,-0.029393237350657
-0.0419088962143108,-0.0187492642345597,-0.0481854791247201,-0.0263840623440823
-0.0721642361798016,-0.0175596318914723,-0.040296830177744,-0.0209196357327428
-0.0173764350667226,-0.0181206583860558,-0.0478093351178652,-0.0259091068706817
-0.0327554610475621,-0.0169126393396683,-0.035281864749651,-0.0201194147075055
-0.0236548876201932,-0.0227635715966202,-0.0463769807754089,-0.0259024310257987
-0.0224484244840195,-0.024089151063593,-0.0404483570154238,-0.0252055564170846
-0.0269623957771204,-0.0151737429105472,-0.049631792553489,-0.0326057752278329
-0.0439326857538113,-0.0189445282002881,-0.0443722957733641,-0.0258551627370668
-0.051237314603142,-0.0160714030543656,-0.0380142643491092,-0.0184340267774522
-0.029473732479196,-0.0178514027644522,-0.046147392087609,-0.0271351717749594
-0.0286337519952366,-0.0185944364087328,-0.0391345157697303,-0.0229158721015705
-0.0259390234363088,-0.0136143780241969,-0.0375489890332085,-0.0210234676874722
-0.029392005641567,-0.0178769111891453,-0.0369283406096493,-0.020961703292249
-0.00428460276995641,-0.0154642540870316,-0.0415255059164049,-0.0291709506611261
-0.0397543860624386,-0.0127832642412393,-0.035692076237481,-0.0190075976480699
-0.0298134453913796,-0.0164373585061541,-0.0409874790494939,-0.0245126048416056
-0.0250175127706487,-0.0125371660399796,-0.0406237365627783,-0.0232501524831431
-0.023533439440322,-0.0146021305714019,-0.0373612344512294,-0.0212296576287821
-0.0228271125932356,-0.0138414935870445,-0.0421750277786795,-0.0250265849875832
-0.0109281985081837,-0.0180759523160798,-0.0348724539294833,-0.0182059531645212
-0.0249728838558644,-0.0116644071659479,-0.0331614169264947,-0.0172909186557868
-0.0424328862152229,-0.0120441570405856,-0.0336307764385246,-0.0157782257532466
-0.0238408843183457,-0.0099787310283672,-0.0386462298492411,-0.0216670522511066
-0.0270085075581226,-0.0135989489632318,-0.037719610590522,-0.0227227512245395
-0.0207003377966058,-0.00978309305341091,-0.0390436157009418,-0.0240695076966866
-0.0307625959900881,-0.0108772262954564,-0.03904965822196,-0.0234097889208573
-0.0232582159295833,-0.0123629066730131,-0.0345955208021827,-0.0221639634746781
-0.0230617219717151,-0.0104081025453304,-0.0431207828349011,-0.0261495052309254
-0.0393820383205931,-0.0117727225734649,-0.0352287666336994,-0.0193878886894773
-0.0136838140002667,-0.0118448120946844,-0.0336276933643625,-0.0195997987999064
-0.0306509851208516,-0.0100564533765401,-0.0301011270889851,-0.0134933697668779
-0.0347471418781635,-0.00904097656982825,-0.0370269317508916,-0.0174540217276145
-0.0111606785849242,-0.0104153869019779,-0.0361818128462606,-0.0220742601890529
0.0126488372726812,-0.00465410141116978,-0.0472945726796268,-0.0283452742996816
-0.0215901333715335,-0.0138334520496896,-0.0367825723638147,-0.020761759630022
-0.0254019041771466,-0.0114863911450679,-0.0311136993751383,-0.0163203856989045
-0.013736518521351,-0.0101283591738989,-0.0361345298323897,-0.0211011119863615
-0.0253355707683643,-0.0127276581967646,-0.036535039163276,-0.022803871367303
-0.0421952197885476,-0.0151944136930188,-0.0345188336418714,-0.022054206769392
-0.0432460892033334,-0.0168850988581872,-0.0296473794336895,-0.0146213818463712
-0.021610500303224,-0.0143539142174568,-0.0377497905474183,-0.0235196184189154
-0.0256820023527017,-0.0157142020917635,-0.0405170559274503,-0.0234165949272016
-0.0213950656237595,-0.0149209716650309,-0.0397353166296966,-0.0235745330900416
-0.0139698613488916,-0.0144369463481205,-0.0338712124417427,-0.02140806718384
-0.0151161187282973,-0.0166668810164745,-0.0349414018601124,-0.0197889264947441
-0.030592028344719,-0.0164963584990101,-0.0419476583863965,-0.0224777357742286
-0.0205981007703705,-0.0113596178535463,-0.0352171051038791,-0.0205115269163576
-0.056703297838665,-0.0167651360321069,-0.0367734206227287,-0.0201682226408266
-0.0405951058258538,-0.0149887820950213,-0.0342416882687689,-0.0180799304832762
-0.0108502267376876,-0.0126396185278297,-0.0393189550325304,-0.0243769697803118
-0.0251502122836406,-0.011896828576773,-0.0307596252170802,-0.0162377395538591
-0.0266117995652439,-0.0122784262731072,-0.0372114586285301,-0.0232062811470813
-0.01916764515054,-0.0147770898600514,-0.0342793208435642,-0.0205435863829051
-0.00774912896109301,-0.0108783228615,-0.0320722778294822,-0.0157764716023207
-0.0310827784305005,-0.0120584905180393,-0.0395216333027986,-0.0226761259721881
-0.00785519634890924,-0.0149333133682078,-0.0348075183351628,-0.0198673620738297
-0.0339453063466366,-0.0138202470512677,-0.0387870718552253,-0.0243420323076028
-0.0201164250546507,-0.00976963164651195,-0.0365660666449982,-0.0221422279641741
-0.0301745864210668,-0.0119238414436648,-0.035785520485034,-0.0206388007285613
-0.022376223380813,-0.0141630960033508,-0.0337157579010792,-0.0185916285163418
-0.0290134026166367,-0.00644905727839727,-0.0331262358399006,-0.0155485831516839
-0.0276703189033984,-0.016368527810162,-0.036338617171081,-0.0203675757080874
-0.0400048788182033,-0.0171832321825747,-0.0405491154899068,-0.0161279918529619
-0.0418359895913599,-0.0181310262243461,-0.0495193901942797,-0.0292403510844655
-0.045640952204529,-0.0170587095993865,-0.0462121871008024,-0.0262608446732683
-0.0449234832912922,-0.0166142140482212,-0.0473521628365678,-0.0251967472546573
-0.0739003718604353,-0.0219396453969115,-0.0633953158645235,-0.0419738899465936
-0.0472561341950023,-0.0269414433494753,-0.0560035855754076,-0.0303605568604405
-0.0421482843625459,-0.0315711461766717,-0.052962868651154,-0.0314752402097172
-0.0377662315593837,-0.0269124997388449,-0.0616305347607502,-0.0377730031738113
-0.0376243770869693,-0.0433226862549924,-0.0781651315632117,-0.0509029225210682
-0.0338459050538096,-0.0329207011884,-0.0572982899484401,-0.0343723176941537
-0.0276983946728362,-0.0194534592843968,-0.0455935963277563,-0.0225535725156597
-0.0742859674119985,-0.0260804549548316,-0.0567120917347892,-0.0341816705647818
-0.0451540590033338,-0.0286609289635619,-0.060427411756208,-0.0365034068419186
-0.0330672554986402,-0.0274491283854212,-0.0502208506567668,-0.0300835196644792
-0.0152418904513464,-0.0312240725777993,-0.0745371553862896,-0.0533509883666895
-0.078221711511339,-0.0198579659270791,-0.0534818654416448,-0.0315537840341891
-0.0369010458507835,-0.0205771188797026,-0.0514979510471817,-0.0334151240812779
-0.0487326091634932,-0.0240737343590171,-0.0426813437498628,-0.0246490110550461
-0.0512861906985053,-0.0268093170532648,-0.0565126440265414,-0.0334299630538047
-0.0222493442156343,-0.0240953762869701,-0.0473824883757816,-0.0304856524242082
-0.0343984451553176,-0.020290884414806,-0.0471415868432583,-0.0256262834967728
-0.0164272068244986,-0.0189345067994331,-0.0501639897440719,-0.0305059634231268
-0.059742294728159,-0.0237902814410276,-0.0517338192055202,-0.0316441492388791
-0.0282405310340665,-0.0211603371102892,-0.0454695091012927,-0.024984379307532
-0.0279213820701768,-0.0161337650754108,-0.0473829136389572,-0.0291247193882537
-0.0312277703480266,-0.0160393841612861,-0.0492511481856264,-0.0286220491563881
0.00523866887007897,-0.0166695726384376,-0.0443974490874227,-0.0261835891455049
-0.0190468199970997,-0.01687846399179,-0.0457926525493821,-0.0298005879448486
-0.027688311839516,-0.0149557823997017,-0.0431186247774661,-0.0211804057918292
-0.0334165147885768,-0.0147307379291815,-0.0402913857871498,-0.0218730788249515
-0.031208437332955,-0.0154933580367698,-0.0391576428628051,-0.0191325052721474
-0.0155454928934182,-0.0200354929812343,-0.0432253435841572,-0.0269809226698639
-0.0322307362640779,-0.0221232313814568,-0.0517526787903066,-0.0348024340851555
-0.0191287241012114,-0.0171331700442758,-0.0488564627414286,-0.0313347285034455
-0.0358019382928277,-0.013314193847842,-0.0445928348932256,-0.0249856176700053
-0.0301896294292217,-0.0153082961778053,-0.038877752516497,-0.0207535906953478
0,0,0,0
-0.0364798124075731,-0.0146597361494607,-0.0477167686688259,-0.0290538941451296
-0.0344838612299725,-0.0144001450370882,-0.0429040968248535,-0.019575341201574
-0.0420535112681991,-0.0134993439340984,-0.0398306373956721,-0.0187005396603876
-0.0132899476672564,-0.0137228027959292,-0.0431801330411506,-0.0236456948890211
-0.0309823607291316,-0.013400208265239,-0.0364645539980046,-0.0153237333765448
-0.0464229607094309,-0.0127542295091323,-0.039883997677988,-0.0218982686574016
-0.0282672384353602,-0.0117002260750576,-0.044296766997326,-0.0293183100888925
-0.0210697849803885,-0.0125202631528795,-0.045502331259288,-0.0290154503535335
-0.0243394854412722,-0.0132462961646554,-0.0443315174580394,-0.0269330829568665
-0.0341950502249009,-0.0111228073819263,-0.0368243804419698,-0.0179781360363694
-0.0261727932243393,-0.0102766313309962,-0.0476118129535156,-0.0296573913448283
-0.022104596897585,-0.00833227636228972,-0.0408629436087236,-0.02450547292489
-0.0287600893533145,-0.00980006516509739,-0.0398678371679483,-0.019696352331056
-0.0245795960295535,-0.0109642667287004,-0.0418777961830708,-0.0200498480497792
-0.0181685066367409,-0.00955554641006996,-0.0346748325735011,-0.0177167944036278
-0.0262104335278947,-0.0119223454809469,-0.0377145945514069,-0.0190885626916273
-0.0105003250751274,-0.0116026434847417,-0.0350247414619925,-0.0181325278705123
-0.0209996928689682,-0.0118494005584243,-0.0317967416233442,-0.0146722118524526
-0.018739044676659,-0.0123742255560519,-0.0387144371223495,-0.020983489872109
-0.0228141155044465,-0.0117408887378074,-0.0423823727049626,-0.0245588642040531
-0.021399858720558,-0.0110608847614983,-0.0359202161980717,-0.0196291969292068
-0.00419240533622911,-0.0119464591994586,-0.0455452716141933,-0.0325816704775935
-0.0256986687173437,-0.0123314850971242,-0.0391070482505691,-0.0225612785854125
-0.0139995909062177,-0.00981311824064738,-0.0331533183112333,-0.0209197855249976
-0.0230702821653323,-0.0106386878202059,-0.0364620302535015,-0.0193647597287375
-0.0275093730875892,-0.00970980101948615,-0.0349894930390339,-0.0195682403437258
-0.0199536312296784,-0.0123448975657224,-0.0281287274908784,-0.0121140721008514
-0.0338419732170022,-0.0133309411982835,-0.0297853816608518,-0.0119430944478569
-0.0335272884648196,-0.0145872822037746,-0.042090114253425,-0.0229574737646664
-0.0220306087360802,-0.0143388836344339,-0.0425551104028484,-0.0225810524311536
-0.0260109507949809,-0.0108975469646108,-0.0370294612316954,-0.0203337373746024
-0.0204112330784126,-0.0102434011605157,-0.0386432779475195,-0.021411259960449
-0.00326199191629285,-0.00930122758956904,-0.0406137691719236,-0.0251412145523976
-0.0321165634460567,-0.0103863376587715,-0.0359264665709928,-0.0196895443429948
-0.0120029235189008,-0.00859372496283119,-0.0380366055523167,-0.0224819694747461
-0.0233289996486114,-0.00786358292733543,-0.039485420819583,-0.0255428864050231
-0.00949817873676166,-0.00971488798640994,-0.0357464202199466,-0.0219456925528667
-0.0214386177582167,-0.00765499826830682,-0.0348325147853472,-0.0188194577917515
-0.0201454051278461,-0.00726519226592098,-0.0349540561060881,-0.019045304972393
-0.0290613072464491,-0.00854032685821958,-0.0356470579484979,-0.018328332678538
-0.0408811825394764,-0.0091793773254301,-0.0349743292339927,-0.0169751951732331
0.00281001469643096,-0.00931462503940233,-0.0371519029294653,-0.0190633545669618
-0.0289505822164876,-0.0119061643627128,-0.036303824541587,-0.017564496706226
-0.0317493261950868,-0.0138339163094222,-0.0379086983347513,-0.0174691105044676
-0.0305733183888756,-0.0141411595378338,-0.0382888177073427,-0.0186120080560337
-0.0261742880923796,-0.0139993450412984,-0.0387906540490606,-0.0175846182838081
-0.018860420647905,-0.0116312106057207,-0.0434635727478354,-0.0217454689835251
-0.0177744577137274,-0.0123872182839253,-0.0362696752274291,-0.0161649846222505
-0.0339182637215087,-0.0150668192780194,-0.0434293218492782,-0.0222457875491019
-0.00821972163482007,-0.0138555594832348,-0.0467801652011793,-0.0294281437375553
-0.0365450201798569,-0.0138157848854728,-0.0435119887094582,-0.0233064481551926
-0.0176495690700641,-0.0139731157933839,-0.0466163221389963,-0.0262889946388389
-0.030545340504012,-0.0154521834291211,-0.0382401599155899,-0.0187110239975901
-0.0394141593751432,-0.0146311642871768,-0.0444380633128387,-0.0238531514156233
-0.0290508279493523,-0.0127463421854114,-0.0423074602015765,-0.0228392475179292
-0.036336385280829,-0.0101932994533603,-0.0365472051442084,-0.0198846041073348
-0.0230653343441545,-0.013762941619464,-0.0359657646687963,-0.0176077660113644
-0.0745646091371024,-0.0156251503302194,-0.0387561593319691,-0.0161982794124636
-0.0223954656198742,-0.0138272188053293,-0.0421471975906637,-0.0216571231769259
-0.00503015645057883,-0.0195057542535805,-0.0430538508371442,-0.0252522802772317
-0.0340375746591099,-0.0150829830803608,-0.041566802516996,-0.0222488526308023
-0.0451320031502853,-0.0128199939366634,-0.0387266066513317,-0.0207497382348335
-0.0216486477300391,-0.0164708517699114,-0.0398061622260928,-0.0263286919204709
-0.0285685326380375,-0.0109661546524691,-0.0327704986659948,-0.0169185055958107
-0.0350351878801393,-0.0124991809486773,-0.0406593106533502,-0.022382808512013
-0.0331504709089297,-0.014267460239072,-0.0426922749303199,-0.020504525236748
-0.0246058998885359,-0.014650206882437,-0.0385038165926802,-0.0210208899459635
-0.0487531433892722,-0.00697799965248938,-0.0416634402247793,-0.0232230767262899
-0.0388203727590736,-0.00821658100782941,-0.0390635894672968,-0.0233619964976397
-0.0033208885087761,-0.00118576808127801,-0.03793155223464,-0.0248079865982407
-0.00014317159412731,-0.00994299317300537,-0.035313991527795,-0.0202494983828372
0.00207829547913111,-0.0191529384990051,-0.0351940823097621,-0.0224984556135238
-0.0057605782985904,-0.00942108788028637,-0.0330814238484044,-0.0175963514052491
-0.00953430124586651,-0.0105378155728066,-0.0304664719791214,-0.0165304498281378
-0.0261471785443675,-0.0126894822520979,-0.0341056804090408,-0.0199128374571663
-0.0226940287256146,-0.0133451277324811,-0.0334300120522436,-0.0159169643691421
-0.0177815598708844,-0.0147259206519086,-0.0371284883979985,-0.0205963084029923
-0.0341793022334993,-0.0122267975864773,-0.0355292854213401,-0.0190787788580137
-0.0119326730168559,-0.0170775466875763,-0.0452354622349837,-0.028912655559564
-0.0261651970390098,-0.0154278906146329,-0.0345423425950327,-0.017392953767124
-0.0200156172411043,-0.0135394980297084,-0.0427862216806147,-0.0254835472945351
-0.0511910629061436,-0.0137207058074023,-0.0335974875454667,-0.0154571365681031
-0.0188969636331964,-0.0174268172397272,-0.0394357301360712,-0.0211372260737468
-0.0229603081543279,-0.0131222230807742,-0.0434884138205727,-0.024062866854866
-0.0307460495720531,-0.0112457487443977,-0.0344078479471646,-0.0151560673497835
