"V1","V2"
-0.0147167475111508,-0.00944410878781576
-0.0244693310568806,-0.0449192807627212
-0.0134279912256676,-0.0121529646504887
-0.00367164484153987,-0.00513326166181922
0.00395937643216243,0.00246166701860132
-0.00625122192237734,-0.00423869147138031
-0.0105780232015468,-0.0137131029970501
-0.00158370013832248,0.00150685898085244
-0.00592129577082194,-0.00156372568321727
-0.00204593410565452,0.00313710257431645
0.0125675627702452,0.00421373447357592
-0.0173928784415946,-0.0170845286761088
-0.0209089051185347,-0.0136251198274364
-0.00525614449689758,-0.00308262629509122
-0.0192923053515816,-0.0165357255187173
-0.019257014079355,-0.0169095080358124
-0.0113468956733355,-0.00849422163958436
-0.021779586519105,-0.0211741224229578
-0.0154670713833221,-0.0090450979031868
-0.00945731453971704,-0.00720748595920323
-0.0112496729071068,-0.00895332175361406
-0.00622487275946146,-0.00696006076906985
-0.0178612020162522,-0.00850883386534512
-0.00902604385052158,-0.0064432848519133
-0.0152793238764388,-0.00665092437420235
-0.0184693482527529,-0.0116436101557512
-0.00528200260572855,-0.00100389741693161
-0.00453392622136099,-2.47736393366422e-05
-0.0150009370198497,-0.00974621409195021
-0.00621514911931264,-0.0026436161678564
-0.0189793695238182,-0.015646908656968
-0.0153140286203558,-0.012716791325667
-0.00970061891708809,-0.00883411333018627
-0.00567937453606169,-0.00576686434567581
-0.0105414135731364,-0.000388983746085932
0.00668477757659919,0.00129547675245018
-0.00933472285679746,-0.00535000576546805
-0.0107137255204742,-0.00932860785332949
-0.00602298519974146,-0.00337369592070432
-0.00468338155833311,-0.00453523192159869
-0.0143690446584852,-0.0118920895860773
-0.00924642277206218,-0.00970049155779157
0.00109545661456589,-0.00049778115438041
-0.00714663171403027,0.000721769899036191
-0.0099012637721895,-0.00268254083830752
-0.00581306396458999,-0.005695973591577
-0.00457903219207093,-0.0015851850459792
-0.00542980894739158,-0.00657202529427919
-0.0120743553476362,-0.0103854496081089
0.00211866704460531,-0.00123413943635163
-0.00528529810690698,-0.00300163052555006
0.00200074814738116,-0.00890810682933373
-0.00408845488517055,-0.0059211744862807
-0.00452562389586657,-0.00431411852416421
-0.00375906994602007,-0.00422807462812725
0.0060503912376954,0.0079344631454029
-0.00531328537738549,-0.00283136814568326
-0.00257728328031721,0.00364225093570746
-0.0109711813139549,-0.00687823961195022
-0.0118149506468563,-0.00840441808129847
-0.0194784853463661,-0.0178343047564646
-0.0274870266722615,-0.0105899072547327
-0.0246370880179459,-0.0128437657783825
-0.00258368609758643,0.0164159313983027
0.00018852897495663,-0.00405517601079309
-0.0051767430789353,-0.00374878101306571
-0.0210315659162393,-0.0125806368834976
0.00596697340320496,0.00463474142581982
-7.88455812693732e-05,-0.00332922279078214
-0.025207360248337,-0.0180768608955513
-0.0364530141339971,-0.00670946883184063
-0.0157069409701262,-0.00535896099931807
-0.00925470508069306,-0.00347501926169156
0.00335056560978553,0.000685315526037747
-0.00493189052606088,-0.00072970381302245
-0.00781662546295142,-0.00241861639906311
-0.015285651722249,-0.0112082128619014
0.151529760262468,-0.0118000551511419
-0.00436334817934152,0.00521296192734517
-0.00837748334462055,-0.00718949985807871
-0.0164141920244615,-0.00768674299517175
-0.000890726956951106,0.00420960244222658
0.0110943370273458,0.0377996475601832
-0.00324302334946178,0.00771307929105023
-0.00025515109275683,0.000753677674079953
-0.0225358804039532,-0.0107676764146322
0.000477989719579911,0.00715862188010652
-0.0280848728844924,-0.0366596255772385
-0.000416830407947066,0.000972777497158868
0.00489468384219533,0.00650386382246251
0.00358953565636225,0.0128169917152587
-0.0272614403358158,-0.00883861877676146
-0.0178167085556603,-0.00842981023573608
-0.000832302810415632,-0.00190076993081832
-0.0127907495080746,-0.0119842509578767
-0.00835797146969364,-0.00274571301868814
-0.00958460684053734,-0.00677730807538268
-0.00256030129697886,0.00902806027669231
-0.0105157371197455,-0.00957818408611987
-0.0210674353244816,-0.0210765789318571
-0.0149695677983409,-0.00190590965725981
-0.00959010305480257,-0.00625444735694616
-0.0282737917176838,-0.019770046319107
0.00210485390592292,0.0368026678214078
-0.0151651735685429,-0.0122715213122672
-0.0122875303304886,-0.00615506474310651
-0.014335914473972,-0.0117195221630734
-0.00351616392396604,-0.000700380636779505
-0.00470287636166076,-0.00390812254643381
-0.00176063200731799,0.00164619084043149
-0.0151068364868981,-0.0117022697041788
-0.00536762694245432,-0.00396377518889992
-0.0103709150855828,-0.00586585223896087
0.00652248438888941,-0.00275776307199559
-0.01538932865418,-0.0136614260584866
-0.0207002338981924,-0.0199041805605616
-0.0166867769955965,-0.00899185894890443
-0.00586310138109157,0.00308991843648388
-0.0628866349354728,-0.0217562409091278
-0.00977673708800014,-0.00983711414305808
0.00653479703407565,0.00282335264632624
0.00094639426183111,0.00396549654551012
-0.00773629012492389,-0.000872983309427615
-0.010954204313473,-0.00759180798798026
0.00756868434292188,0.00684343101725117
0.00063477533286962,0.0026047689452819
-0.0145232119537195,-0.0132497820145937
-0.0134673908675855,-0.00566306373460586
-0.0438170990691995,-0.0116760051669845
-0.0122635390123807,-0.01199308737083
-0.000728056309977066,0.00175113402531293
-0.00579008391325875,0.00758736106564731
-0.0254611732661896,-0.0180518739731919
-0.0208591621608936,-0.0151791875949119
-0.0122145374407109,-0.0116284562319058
-0.00911929997023538,-0.00702576469949155
-0.00520942046436133,0.00207943622049083
-0.00531689244737397,0.00435503352193895
-0.0288369808982478,-0.0107814665595232
-0.0260179296969528,-0.0252524058187142
-0.0415211436053103,-0.0234474774924193
-0.0296138612017818,-0.0167202924664086
-0.0041762771046303,-0.00494600824663233
-0.014747433983493,-0.00596186963555197
0.00534205242961736,0.00744012444705863
-0.033063999667655,-0.0166835353884388
-0.00746520592082146,-0.00229043964157477
-0.037470106822376,-0.0205041578593602
-0.0171526793907515,-0.00634172123857744
-0.00585042831754441,-0.00418235181081324
-0.0262076149219493,-0.0205465492232136
-0.0127117292763234,-0.00736253061652602
-0.0254730006695959,-0.0211387978788069
-0.0229522969397108,-0.0189229658992266
-0.0112188977875193,-0.00727720132569043
-0.0346331211411606,-0.0260279753031334
-0.00788529793279617,-0.00263088625100017
-0.00774937699516798,-0.00505356796451264
-0.00267635721574888,0.00642264568449464
-0.0426400369704346,-0.0253377739023514
-0.0116539184123695,-0.0104376800978243
-0.00311150615033836,0.00604877545978165
-0.0235587050613995,-0.0125726679415704
-0.0171910964789411,-0.00965300811195867
-0.0199510468468312,-0.0249327851823077
-0.0169541033348439,-0.0144117924447609
-0.00723767670641233,-0.00577155154478656
-0.0265563852724954,-0.0164287053593597
-0.0185472654032385,-0.00733483441823528
-0.00290979791718981,-0.00618809167779116
-0.0255557786471653,-0.0171305935054701
-0.0315062014222137,-0.0226412871919773
-0.0163745461904227,-0.0158127424795231
-0.00731803226895627,-0.00236536645134251
-0.0147232305471974,-0.0123723895731474
-0.0110028818811796,-0.0147394531411877
-0.00189810603743814,-0.00237244698443218
-0.0331037834850444,-0.0277078217407723
-0.0105527254299856,-0.00295822571119362
-0.0190405921963682,-0.0174994371289223
-0.0533051722163688,-0.0149690291201847
-0.0153208394347989,-0.0142563849037723
-0.0156787541001854,-0.00615804567525052
0,0
-0.0233083963691318,-0.0165527597189417
-0.0146555119699965,-0.0124344929202592
-0.0172302623452935,-0.0157061545691655
-0.0157764796766077,-0.00738029462492483
0,0
-0.0209149146045469,-0.00774539959136047
0.00420778159602056,0.00526060951651946
-0.0289870880407242,-0.0104777692046965
-0.0109569150226303,-0.0103194639585677
-0.00740394636344386,0.00276987691961437
-0.0106438239678475,-0.016044378623511
-0.0142224608005087,-0.00939159483671361
-0.0214214228433161,-0.0098173717039196
-0.0490767192475986,-0.0189423249422063
-0.0114978484218684,-0.00815665165751349
-0.0098684011980998,0.000563783314424767
0.00519582118108079,0.013964131070054
-0.0107171173374513,-0.0133451075920433
-0.00932818126548954,0.00147486878931757
-0.00156852638115085,-0.00738664164765658
0.00551343354026105,0.00740703862343079
-0.0336520556169723,-0.0160750296477722
-0.0204250023583081,-0.016957859080992
-0.0103161107521124,0.00415436674128148
-0.0336542265426049,-0.0193305673542613
-0.0235445635780004,-0.0172899661531325
-0.0222004309443145,-0.0103908123044805
0.0109278587596796,0.00702232357461883
-0.00487013342467367,-0.00835983858173406
-0.020393165063999,-0.0140545259340863
-0.000911891814996302,0.0110943117459313
-0.0322667411944787,-0.016202088830889
-0.0247627545164487,-0.0175495887688668
-0.0118956926777795,-0.0103350763416297
0.00182958575217435,0.0155943607643623
-0.0268969200090634,-0.00497931334642782
-0.0433992589343206,-0.0262146531030831
-0.0277783932950953,-0.0207463408541724
-0.0216560904397068,0.000513353645470535
-0.0135486159399438,-0.0029447618425842
-0.0206105296182338,-0.00846060019875745
0.00843372826572098,-0.00373495273406979
-0.0138144270233887,0.0127478785164456
-0.00841542499404391,-0.0117252315271634
-0.00900024478373387,-0.00557133225065396
-0.0232694874217544,-0.00977798332553534
-0.0263200412492188,-0.0224255074070748
0.000324220251847858,0.006924062730549
-0.0159912689611888,-0.0140359382727284
-0.0146614464071287,-0.00465087618107962
-0.00494604709658865,0.00733079708896587
-0.0138704017116009,-0.0138314166534532
-0.0239492697973621,-0.0219049044513371
-0.0141134349615111,-0.00998801934574687
-0.0204126227745313,-0.020857281943
-0.0131155023135875,-0.0114057758591925
-0.0191935215410643,-0.0108270249021443
-0.0118552712722696,-0.0015080307592729
-0.00946374814911382,-0.00183363834738673
-0.0232643771395462,-0.0268954410117054
-0.018818426574606,-0.0156541178003794
-0.0429473834363587,-0.0291369737833246
-0.0341359486652776,-0.0228857449633601
-0.0288512680542192,-0.0160457046685837
-0.00774914826808086,-0.00374879335711499
-0.034495273510198,-0.0385685574479316
-0.0313729328364446,-0.0217300387161898
-0.00989599766947735,-0.00581680682197924
0.00859119824569106,-0.00132856400346598
-0.00038067256846694,0.00321242673319584
-0.0279571788415488,-0.00307303291158921
-0.0225528128669959,-0.0169913426632949
-0.0452105247902496,-0.0326015084601091
-0.0374817977655968,-0.014556785025317
-0.0168664628707133,-0.0120901082716117
-0.0876179405159209,-0.0306800212708876
-0.0127258790569671,-0.0133303450522965
-0.0190107778408401,-0.00482191757028206
-0.00609917429338259,-0.00340163650776807
-0.0134835964887254,-0.0016484839123243
-0.00146594133694702,0.00235511422786666
-0.0422643529060072,-0.0109957214584092
-0.00955484183511464,-0.00872378670561147
-0.00781693677481161,0.00325941424148613
-0.0279387541813148,-0.0128530921904061
-0.0197806418689263,-0.00940155167909975
0.0026518600560098,-0.000607283713310382
-0.0135575195411348,0.0059794890356542
-0.046529085789907,-0.0200734319699313
0.0211328196680917,0.025212721924803
-0.038566116383051,-0.0235693717581733
-0.0320474453977587,-0.0252157176768497
-0.0323259512664355,-0.0322005189177017
-0.0562550733381959,-0.0387364604992524
-0.0357803218817347,-0.0294956754125239
-0.0310472284445881,-0.0179580144995313
-0.0113873513639889,-0.0132669466533191
-0.00419323281754028,-0.00258294824252306
-0.0194965746591635,-0.01171312741394
-0.0307470491145617,-0.0175998048356222
-0.0112826014973881,-0.00806674760434259
-0.0175502110458115,-0.00931689937315007
-0.0149736192579878,-0.00943985699539017
-0.0288549204520391,-0.017261284200008
-0.0697727680276991,-0.0301169841154163
-0.0121625374543107,-0.00997900495307394
-0.00150927304679588,-0.00501124163528276
-0.00978078258884462,-0.0019235871269414
-0.0196987221008904,-0.0109306092540137
0.00323516438974137,0.00465070729481095
-0.0129641738359031,-0.0078380516375591
-0.028978446107193,-0.0213958600937442
0.00506022489714749,0.00759932330895268
0.00457161054303673,0.0076863917297181
-0.00262183162668825,0.0152323997627869
-0.015149625780033,-0.013721412566983
-0.0279253143380997,-0.0195165720648467
0.0125082701386142,-0.00318443181072416
-0.0192197033051869,-0.0170240509687234
-0.0281910178005283,-0.0257468108218995
-0.0196879821086194,-0.000619123707698109
-0.0214867062846012,-0.0127200677803093
-0.0170145343561836,-0.0134604161812724
-0.0192560351524786,-0.0134509840467419
-0.0216514546343968,-0.0186680739812955
-0.0176516479716119,-0.0172047879862561
-0.00781166202745326,-0.00509511742784979
-0.00386493288631157,-0.00564078044450821
-0.0065511666859016,0.00259949968455232
-0.00461425442841278,0.0100356171206343
-0.0350182112376888,-0.0160362636505499
-0.0269177347863408,-0.021051592205445
-0.0141023972334943,-0.00965012452047905
-0.0102767607078239,0.0134248243053508
-0.0308989428840562,-0.0297839830967704
-0.0217060079825741,-0.0169314101887833
-0.000600766263109336,0.00274095085758806
-0.0111415046329017,-0.00442634584125094
-0.0286995895787579,-0.0269678204631929
-0.0271055459631823,-0.0151774042417488
-0.0153726210762734,-0.00748020954696129
-0.0182589624356071,-0.013447454514519
-0.023360422908997,-0.0179866534542518
-0.0197062674331686,-0.0101925984907483
-0.0183085102756075,-0.0135216113308675
0.00110688580905234,0.00660048188113938
0.0487221088041877,0.0327845221017023
-0.0153425134978785,-0.00908629843033409
-0.0125337892391465,-0.00878867514439002
0.0465486438342005,0.01273169259657
-0.00839848291004618,-0.0116376104166758
-0.0061260388829212,-0.00341912804949529
-0.00638272526783729,0.000226473419670452
-0.00789368952945223,0.00533345956693751
-0.00309016475727885,-0.0163204351441946
-0.00124250820780535,0.0142035065169615
-0.0110790252114057,-0.00507125898729644
0.0331826112714429,0.00135690127507408
0.0223440243960815,0.0354050877873462
-0.0189585083139387,-0.013433224821136
0.0156460310178341,0.0119693776637685
-0.0118400926710116,-0.00838255940811815
-0.0163093902645321,-0.000558316574516848
-0.0118102523963512,-0.00816183406547967
0.00410378276599011,0.00359075767202427
-0.00216702384445197,0.00231797225898696
0.00162882930156425,-0.00526414243117391
-0.0244568016572135,-0.0165481514914614
-0.0044631439154577,-0.0048804211826009
-0.0245448010569706,-0.00534261379877175
-0.00303867222608533,-0.00666782861369488
-0.00230480001964478,0.0180075799321968
-0.0210684278940663,-0.0179121824652013
-0.000343811024446439,0.0029667831025569
-0.0222099174811093,-0.0179110202290627
-0.00284634895381411,0.011671698582364
-0.00598106281984066,-0.00830860086336842
-0.00627868039759558,0.00300792191214403
0.000222093421321299,0.00635939382493411
-0.0323168884899926,-0.0238182523602841
-0.0142621544644157,-0.00202238998767534
-0.0157116393203539,-0.010169420838083
-0.00221944111311538,0.00247914465226894
-0.0141043005355593,-0.00198720561570411
-0.00990590352211729,-0.0163745039648389
-0.0241470243569805,-0.016828179180305
-0.0261486888441697,-0.0155321076658405
-0.00675910364214885,0.000815932365919836
-0.0315792592587934,-0.0339919551484869
-0.0351016418526711,-0.0293334876842126
-0.00840441060967596,-0.00842231903933805
-0.0087933908081636,0.00244331726313747
-0.0100750334640963,0.000568635848462366
-0.0033990715205622,-0.0101729177539721
-0.0277835851034789,-0.0209949886966216
0.002521362534346,0.0211031824038729
-0.0169681594072265,-0.0108826332465259
-0.0163832365080115,-0.017338802976852
-0.000318641719452679,0.00272156980364402
-0.0104267284160732,-0.00520781797918728
-0.00995443957656275,0.0134260555945475
-0.00991041713326505,0.00153366950819005
-0.000423736518786578,0.0138193875854583
0.00807010448640514,0.00694205720021119
-0.0327100150939959,-0.0169936645820048
0.0200708031995395,-0.000946881516914971
-0.0265466695553153,-0.0206724148898258
-0.00499610082801528,-0.0103138244536196
-0.0408669752889272,-0.030623454347731
-0.0338997516941405,-0.0208474868323698
-0.0187775985197942,-0.0137362781895522
0.00414553237442361,0.00142985995882204
-0.00381927030756218,0.00624309819312306
0.0014642938547826,0.00635749912638675
0.00127422546056881,0.00741596011272198
-0.0205682992232018,-0.0094080227231356
-0.031283146861855,-0.0219228427376764
-0.00779056516118972,0.0171145094893945
-0.0104971171058577,-0.0113447424718711
-0.0123131647556573,-0.00682797659881078
-0.0275696477393466,-0.0158685715758232
-0.0210160163898041,-0.0141812761055585
-0.0194488443501906,-0.00831260916291389
-3.73378022255908e-05,0.00327915237619866
0.00844527972154866,-0.0018148550871953
-0.00718426244990264,-0.00600279806251908
-0.0215629299955984,-0.0134896281131351
-0.000122381448988083,0.00355588643413718
0.0176579034903032,0.0149053869914195
-0.0145694654990343,-0.00473604489411315
0.00363549992553565,0.00945950300704669
-0.00836995278190992,-0.00328684501753411
-0.0118281555138963,-0.0125444475248049
-0.0167219586767172,-0.0107731155881891
0.00599902635289709,0.000409311910248969
-0.00315329726815152,0.00246980655219507
-0.0271766391457721,-0.0216601302886015
-0.0185885380288207,-0.0181282388347168
-0.0114620256187871,-0.00720494196731809
-0.0203057658515216,-0.0176673528267316
-0.00912575258006339,0.00420636200969652
-0.0225430331323273,-0.0170871074517352
-0.0114571888403419,-0.00419200687548161
-0.0227712444086693,-0.0210917167844287
0.0246718595292328,0.00985903454364468
-0.0121653137714891,-0.0109512178003249
-0.0147114196316981,-0.0161348462058304
0,0
-0.0492253505302877,-0.0236561329187786
-0.0219845484137867,-0.00721525338647963
0.00377161739395967,0.0144513490008285
-0.0188302714280559,-0.0221988046744278
0.00607392500022626,0.0068742364262398
-0.0263406945477828,-0.021628219166475
-0.0491229703954723,-0.0355246628356671
-0.00226401643399283,-0.0109339442940583
0.00200792654763727,0.0157216641398699
-0.0146531259630841,-0.0147319316231729
-0.0256872484822724,-0.0130956914499423
-0.000841670425563277,0.000322434427974231
-0.0172009080762494,-0.0159564291043384
-0.0253638318220388,-0.023209783510032
-0.0251788910177986,-0.0128429945985039
-0.0193458331856159,-0.019673996036649
-0.00519261423617233,0.000521575561301255
-0.0155737032310295,-0.00350339859160186
-0.0140518409451738,-0.0120085858669528
-0.0158512158599295,-0.00678768897255556
-0.00670440084543622,-0.00544009014707894
-0.0282881578915584,-0.0216005056549552
-0.0269590640721445,-0.0206307197045971
-0.00835053512165754,0.000683518860062615
-0.0227662308930319,-0.0199262303721163
-0.0104696404644104,-0.0102745584512667
-0.0184520839035879,-0.0177159720724646
0.0113611132438113,-0.000886013891892936
0.000984904430433399,0.00117129013049126
-0.0160947249568787,-0.00347502013203427
-0.000738480482498238,0.00291091030063511
-0.016586659986863,-0.0163855097538532
-0.0142213587352636,-0.0076146351783199
-0.0321633931382182,-0.0284098800349746
0.00441036235991457,0.0105306021867879
-0.0404054385982994,-0.0395074886815288
-0.0347393162643842,-0.0324101549494149
-0.0693753858044206,-0.0483552970639103
-0.0170397295852625,-0.0139344547800699
0.0141036529011938,0.0111772750164227
-0.0114928456088224,-0.00476882394390163
0.00519180061958288,0.00122553811280336
-0.0234820867793207,-0.0197090298497001
-0.0152917243331468,-0.00645625900888459
-0.0190023708463211,-0.0197941043601413
-0.00763364694537249,0.0080101302359753
-0.0120600945353165,-0.00401242860792738
-0.00929750235287059,-0.000828273931271542
-0.00284508910565691,0.00725305078065016
-0.0216498621359809,-0.00634874230949789
0.00399737885765235,0.00865927452403708
-0.00944191552563564,-0.0113194677335906
-0.00905834063159811,0.00219129773977328
-0.0096118865606795,-0.0061683820196138
0.00407823490577183,-0.00275712272674455
-0.00527080914767733,-0.0116177983016342
-0.00424024873825699,0.00525256092258527
-0.00591189037741576,-0.00227274225127735
-0.0162812551614277,-0.0135168241588561
-0.0649436723048408,-0.00727396560506327
-0.016916208830565,-0.017283537565803
-0.0161951833649988,-0.0150026642686999
-0.0196132045716029,-0.0103504734417547
-0.0206444874999779,-0.014567323610521
-0.00557388343672581,0.000205675590161242
-0.0160644459870885,-0.0128412723665209
-0.00270849754020172,-0.0022930451864613
0.000129400737921994,0.00235144104523776
-0.0192434739657028,-0.0157033644799431
-0.0152095231188284,-0.0114005767457502
2.9436934885658e-05,0.00332088243182084
-0.00856245578052524,-0.00125515434665634
-0.0108559991383562,-0.0121164605844199
-0.0205713063774951,-0.0192509151193602
-0.0101133117195992,-0.00142909817143025
-0.0131309630529915,-0.0111071323845615
0.000294013924159485,0.00860428181729912
-0.0106792735013661,-0.00859009261522552
-0.0223189138864875,-0.0213226246215405
-0.0184259507191608,-0.0122692971053769
-0.027123569221758,-0.0304619543753359
-0.0199416635609698,-0.0146348050826051
-0.0368017398560927,-0.0707388209974339
-0.0347724125659315,-0.00828515365157253
-0.0545342863945532,-0.0286133755079538
-0.0208773435580149,-0.0070368501459458
-0.0203428232342077,-0.0061552920119051
-0.0433903387448344,-0.00394881737395045
-0.0341708210963566,-0.0314811940893696
-0.0181373652041997,-0.0138118308866334
-0.00669924384462065,0.00372769204092641
-0.0086168761845588,-0.00697321870168718
-0.0242034174586926,-0.0195957407431487
-0.0221796238490114,-0.0265292001783836
-0.0260223510810556,-0.0283453425893525
-0.088125049177096,-0.0335872096385537
-0.0281096423385561,-0.0296795176988449
-0.00829180887638904,-0.00614674818724475
-0.0218946115838341,0.00461742990060396
-0.00499115964319934,-0.00166418584923065
-0.025066212292553,-0.0228221347292913
-0.0083815791832188,-0.00577893984272082
-0.02458468006462,-0.0159126663768026
-0.0241883063741368,-0.0213254690117169
-0.0465300813157409,-0.0370514050019512
-0.0132470924094475,-0.013999269287623
-0.00138951327849445,-0.0138519236629893
-0.0252576703061514,-0.0191882649190622
0,0
0.000731904745324601,0.00380762981977358
-0.000434153633004572,0.00943739838849485
-0.0253685935485054,-0.0188462608938154
0.00306082496366576,-0.00524208421484169
-0.0534847190102857,-0.0324186476107053
-0.0428214585438721,-0.0286406829875445
-0.0270642493764496,-0.0142378572948912
-0.031462558261416,-0.0163030594300308
-0.0446399147497002,-0.0075899017934816
-0.0336272068135883,-0.0265861921203794
-0.0111471458305357,-0.00403530694475371
-0.0161455400503026,-0.0157796295889752
-0.00812813842496974,0.00981070619520639
0.0011072171420307,0.00128279070255733
-0.00723210389267868,0.00112776978989724
-0.0417391107775011,-0.0426579894157264
-0.0180310181747405,-0.0094225585494386
0.00332804632190743,-0.00642974955787658
-0.016828298894226,-0.00785961930464373
-0.073307632019844,-0.0436571474263242
-0.0185376320488986,-0.0100907606434527
-0.0175072355497511,-0.01172590938878
0.020721695916973,0.00517865316665301
-0.0100557774633812,-0.00661850228074249
-0.000236437276160036,-0.00624410327910282
-0.011993999860849,0.00170498856055197
0.0184355473812002,0.00437069992462235
-0.038540285425907,-0.0250938444099279
-0.0178996137372186,-0.0155155359574316
-0.00658053529582511,-0.00108819178131838
-0.0411838198390934,-0.026912807295302
-0.0431796397967288,-0.013024521400352
-0.0223276559786389,-0.0115354437848068
-0.0332603536720865,-0.0281844545274504
-0.0135245563660912,-0.0201803825502188
-0.0207823523659191,-0.00170458430271821
-0.0156137858632988,0.00204569486780158
-0.0297817287073649,-0.0249038438976994
-0.0175033018664767,-0.0177185341506508
0.00357595728344857,0.000631926452965017
71728544.0247259,45808399.9970948
-0.0277428537190444,-0.0241356899723833
-0.0460554923379555,-0.0352757235103441
-0.0135073190107522,-0.00847958656513282
-0.014680371294746,-0.0101488979117954
-0.0233910688331313,-0.0132252366128011
0.0146997389509535,0.0206009571051041
-0.00147193223113098,0.00153992733813331
-0.0163208492879758,-0.00522091090796338
-0.0146978798220848,0.00772828805122202
-0.0171218556823962,-0.0163919402483785
-0.0246297737298452,-0.0183975130451297
-0.0140906408308316,-0.00979546929811657
-0.00723190352987537,0.000805442946145841
-0.0106363057459818,-0.00201479550568624
0.0395752083224714,0.0346612889162649
-0.0251545133611459,-0.00998356807666029
-0.0172075041052702,-0.0158328705222453
-0.0292110847494987,-0.0216923394709878
-0.0109199168822898,-0.00759018339200613
-0.0344902564629053,-0.0241278072337766
-0.0117048484017897,0.00192559062380272
-0.0152377070933705,-0.0107818838522867
-0.0190419155654178,-0.016801658951141
0.000434812734541518,-0.00295042626528549
-0.0249880060482343,-0.0204517032491487
-0.0100773995067054,-0.0150331723214546
0.00267463541800711,0.0102502003077574
0.00281938164407577,-4.84710607574789e-05
-0.0188902958020306,-0.0147641227806557
-0.00677497231754782,-0.00508317021581127
-0.010605000560105,-0.00766431116999607
-0.0212189629966076,-0.00654251710996191
-0.00630515530227876,-0.00247073487017394
-0.0119869063947953,-0.00925996627919071
-0.0180351584826288,-0.0103641324410447
-0.0035949475142476,0.0115242908049758
-0.0106862832072235,-0.00287737549345226
0.0054067852315837,0.0089034967023562
-0.0315492906207468,-0.0188922243856666
0.00144283488354243,0.0029524073004308
-0.0114516909376149,-0.000201823053477777
-0.0141683105576067,-0.00960371428396272
-0.0303863574804029,-0.00804627044022518
-0.0273142170923962,-0.00852828719789484
-0.0245463483009923,-0.0126018772561119
-0.0159224680056183,-0.0115217605301218
-0.00619368112187348,0.00441793159618538
-0.0145206967137348,0.00492439166430056
-0.00551398442962281,-0.00289952942031333
-0.00369313783539003,0.00689515616051606
-0.013134708743001,-0.00706586264656924
-0.0105663271184316,-0.00937509757108417
-0.0157081330435843,-0.0125523355359967
-0.0122065107957726,-0.0050694658131601
-0.016290818920712,-0.0146742621126149
-0.0121491692413711,0.000693581180162286
-0.015133550836411,-0.0142788655850712
-0.00993251382075112,-0.00475931428817048
-0.0189242346176807,-0.0142333094897841
-0.0182966952006469,-0.0115954784839311
-0.0189362437360265,-0.0128946919547072
-0.0161010050140987,-0.0061795701533199
-0.0109846652788638,-0.00676270946961513
-0.0172207797165344,-0.0108777560680243
-0.0029742139216746,-0.00268522370859748
-0.0190274535492664,-0.0121008063352802
-0.024335983700036,-0.00744138392116604
-0.0181144146323706,-0.00514988561749582
-0.0150204121729855,-0.00865951497165766
-0.0250930591120683,-0.0220412820726704
-0.0154959303364236,-0.0138363410775211
-0.0220369633825053,-0.0122772026462614
-0.0190228960526602,-0.0149612262930283
-0.0153495971302396,-0.0172840272369337
-0.0167017825176679,-0.013825579171884
-0.0282248676005294,-0.0233027282666382
-0.000371345176388308,0.00381404612452746
-0.0192603604402857,-0.0113678812489227
-0.00262226024294743,-0.00198210051012081
-0.00316167604473629,0.00426877082521226
-0.0324784167361534,-0.0163652473506306
-0.0134414473481055,-0.0124512488957908
-0.00827086461978832,-0.0106078188512753
-0.0152664885392477,-0.00713722621157035
-0.0160566160644598,-0.0121395544750454
0.0019146787847102,-0.00435314664132144
-0.00738172606080249,0.000443912482534649
-0.0119386863384427,-0.00566842914027478
-0.00439725082033896,-0.000765055658727333
-0.0249280303465753,-0.0200159818555906
-0.0114795067679631,-0.00294051417032488
-0.0214358624184306,-0.0198448766526264
-0.0120812727277673,-0.00510755288525027
-0.0119077733259985,-0.00233080816309518
-0.0138720344194147,-0.0099019127525899
-0.0122518377281923,-0.0038015250815333
-0.0170174906404202,-0.00949905771768412
0.00423111313032483,0.00264010479924743
-0.0121556635643214,-0.00863651247288351
-0.0254758732971282,-0.0171492434772365
-0.0122489231854611,-0.0113871410696509
-0.0182582625321182,-0.0138127060254546
-0.0122902101867455,-0.00675021016904381
-0.0185883641547248,-0.0167098910704348
-0.0162141305498678,-0.00938775947212475
0.00335276527231766,0.00337424134173063
-0.00785567278165708,0.00671206971307008
-0.0298225433123856,-0.0242435333431563
-0.0243864924585397,-0.0202523151858748
-0.0134211101751934,-0.00920899545347517
-0.00203647350729466,0.00710399460161295
-0.0145800796714482,-0.00590236587645991
-0.0144107218035895,-0.00343722325148894
-0.00086864541311102,-0.0044443522671763
-0.0196721206175602,-0.0155665534326544
-0.0174885792675181,-0.00778171782320618
-0.00458206503958039,-0.00489899776669308
-0.00578653510040448,0.000502271377999903
-0.0142537257338446,-0.0116205253423254
-0.0217846396940299,-0.0164405160239026
-0.00912742102140355,-0.00869842303252582
-0.00406310907845567,-0.00281881596481427
-0.0096069921843493,-0.00164308177768209
-0.0187840496022571,-0.0132609805650802
-0.0211419276828977,-0.0175943670487935
-0.0128901706868704,-0.00569466032411134
-0.00780810493900785,-0.00465197274602243
-0.00780733721892559,-0.00198612305581917
-0.0121944367208124,-0.00241281990302088
-0.0125337389689646,-0.00747671387706743
-0.0186113351991987,-0.00681469975824166
-0.0212073183148648,-0.0224997570832773
-0.0163779196116719,-0.00953455939758309
-0.00957752294736672,-0.00159833153232385
-0.0189951026814948,-0.015073269920947
-0.0120367361263305,-0.00222707408645974
-0.00733881752852184,-0.00714009890835711
-0.018524368724494,-0.0170413507219715
-0.0220135963999409,-0.0151659590783236
-0.0206084083384986,-0.0140095864208022
-0.0488614522792134,-0.0290629821491229
-0.0184485731484009,-0.0129608848980657
-0.0188722097660672,-0.014146345271524
-0.00528916470158132,0.00380472582046147
-0.0142090094770136,-0.011335061052545
-0.0172856493499988,-0.0048328517243359
-0.0166104506673183,-0.0126721858211427
-0.0183729694778865,-0.0105290152732936
0,0
-0.0266004586349945,-0.0197601731205516
-0.0125471700407464,-0.0118391110816061
-0.00445158513070979,-0.00211384720465827
-0.0222655723391934,-0.0154709278642196
-0.0217030548622835,-0.0152299359238588
-0.0280174690791399,-0.0171224852280813
-0.0189934992488619,-0.0149866039433276
-0.0286177732062597,-0.0175608692790616
-0.0187732905553678,-0.011247277122219
-0.0154513965694814,0.00020061409153054
-0.0065930370741861,-0.00150018904437269
-0.0196447890195176,-0.0106476259501662
-0.00884936742017637,-0.00694712039580408
-0.0167816952643405,-0.012574511285004
-0.00891899465787771,-0.00463114311429043
-0.00663771476575888,-0.00820748134421736
0.00576878531348524,0.0110588501538176
0.0204295415475578,0.0167247585919347
-0.0487785002641686,-0.0156565542409646
-0.0282019220865903,-0.021193544596398
-0.0315388893270856,-0.0193160781444312
-0.0294460461863005,-0.0144076378684179
-0.043892254480125,-0.0421537049286402
-0.0439533792277556,-0.0466225180760197
-0.0368381987525631,-0.0287074954554134
-0.0256820981437422,-0.0171587544908794
-0.027168221925545,-0.0256224410653627
-0.0457474729071517,-0.031004399094101
-0.00952562956792718,-0.00954145271210028
-0.016861106198549,-0.0185412450284822
-0.0330428528701838,-0.0228247223527198
-0.0179221263325636,-0.0137290885907526
-0.0137689238985417,-0.00849105750322141
-0.0179739065496535,-0.00351225768571992
-0.0676837356226702,-0.0403895526675816
-0.0363097349420382,-0.0277308348774354
-0.0147211866332139,0.0163680219456762
-0.0475047957359006,-0.0270649862289588
-0.0295169357835959,-0.0188814609253223
-0.0416479315507354,-0.0345404940443139
-0.0347712325504467,-0.0339209103725591
-0.024454141148086,-0.00964279080674128
-0.0057744240627308,-0.00641305467728585
-0.0343871061342233,-0.0277127928032961
-0.026053276894343,-0.0234852323766886
-0.0212568147286695,0.00317749835692232
-0.022829883351924,-0.00884865764419394
-0.00553490327621433,0.00730414377651072
-0.00184407277002062,-0.00267835235115283
-0.00837441786214641,-0.0118360287342289
-0.0621209979456839,-0.0283808392366356
-0.0631404453802104,-0.0301386699105657
-0.0104632117413537,-0.0118724998209927
-0.0391727487960414,-0.0224896690233103
-0.0324202342908274,-0.036242097118802
-0.0307142725518682,-0.00399834899341581
-0.0160321664841541,-0.0224268445174288
-0.0109357628750396,-5.62199792390674e-05
-0.0401174278716469,-0.0285190634218039
-0.0220887260458109,-0.020692009050301
-0.0479882727625139,-0.044451136369033
-0.0223755648041442,-0.00399501823068581
-0.024272382113297,-0.0196722626595429
-0.0251934946237811,-0.0123649016163029
-0.0246402266859016,-0.0167945711176788
-0.0280143425296406,-0.023649091621115
-0.0470427207688037,-0.0289368820665643
-0.0405791455699187,-0.0271060526721217
-0.0240309784768305,-0.0180122497562043
-0.022211840308604,-0.0208076180830094
-0.0236538966020901,-0.0210064374046652
-0.0309238462532694,-0.0231049758525043
-0.0123772386230467,-0.00873351964574811
-0.0341140824782528,-0.0169660011571911
-0.02608733517994,-0.0209678910030907
-0.0156923990413862,-0.00606933012128637
-0.0211636986775485,-0.0146203225379252
-0.0218514810287146,-0.0198728397031526
-0.010284403983125,-0.000484958015333877
-0.0157872534192627,-0.0114747798632487
-0.0478620337082229,-0.0610990306543621
-0.0140721886790548,-0.0184486706349433
-0.0224558920491823,-0.0208790354321299
-0.0203054068593925,-0.010557500422005
-0.0230608523076972,-0.023909421840076
-0.0202830085307613,-0.0133881912519897
-0.0172100725075961,-0.00801952663140032
-0.0191369436848418,-0.0262828961124758
-0.00538842990361606,0.000751956317515878
-0.0233282918576763,-0.0240554593173305
-0.0373091214700056,-0.0277072334229423
-0.0169387307456597,-0.00915701677185036
-0.00371231161611059,0.0059471801534627
-0.0147777538423871,-0.0140148643414553
-0.0193624643740908,-0.0130244199475329
-0.00575359098887863,0.00530081347308557
-0.0166616745391947,-0.016963770078128
-0.0196533831429751,-0.0223994218373561
-0.0366726203229696,-0.0291075045776171
-0.0147062309828747,-0.0151037969984727
-0.0179376819068879,-0.0147485496600717
-0.0201284597384245,-0.00931917676647968
-0.00503072007257654,-0.0079826299625871
-0.0134342333276614,-0.0137438005595614
0,0
-0.0162131006535283,-0.0141232999465017
-0.0215966733692321,-0.0189947707595885
-0.0302891372427243,-0.0257499707452421
-0.00510714937554825,-0.00530423989653153
-0.0199461360988956,-0.0171690088424097
-0.021538395061399,-0.00635653408426408
-0.00882524562998899,-0.00517478662462647
0.0200153975018558,0.0251053124998415
-0.0236296436770837,-0.0212032150296815
-0.0122986769371308,-0.00205728571166369
-0.0202037276205835,-0.0174997426831226
-0.0194972527199112,-0.00109164525657888
-0.0228545192298854,-0.0183008599434827
-0.0200322828510785,-0.0155581572588613
-0.0192102508791743,-0.0031486827134573
-0.00821198066448865,-0.00239240480815823
-0.0242770901955058,-0.00405487784046709
-0.0318733772832287,-0.0200484228801198
-0.0330989244931599,-0.0196768974953716
-0.040082857153952,-0.0312831011177881
-0.044055249748649,-0.0296979177845101
-0.0344104564652138,-0.0302637085454331
-0.0192285015815672,-0.0122776763350168
-0.0295445721849772,-0.0238302764079902
-0.0373568428472951,-0.0169601284956068
-0.0264262551573212,-0.0111061712155236
-0.0210626403370079,-0.00927595265091237
-0.0586476365084763,-0.0613496565264194
-0.0409894011950819,-0.0310404790587651
-0.0135563956263939,-0.0151617105893608
-0.0294805689559444,-0.0215671360003737
-0.0543157074737549,-0.0479705091940545
-0.0323812721884319,-0.0287502774494274
-0.0286969495643171,-0.0263549966131228
-0.0308084170690225,-0.0160431279543383
-0.0244209375156396,-0.0109893710226406
-0.0338261754662334,-0.0243251655056457
-0.0294802225067978,-0.0131281181065094
-0.0437054042939916,-0.0363701604252325
-0.0159306605200829,-0.0134024876015023
-0.00708185852019839,0.00501172581972217
-0.0223172104815289,-0.0222175229179646
-0.00376530577921598,0.00396195480309729
-0.00475628960007771,-0.00939348440076479
-0.0117621785157388,-0.0143580341334499
-0.0245299564278794,-0.0183619476501464
-0.0242292336492606,-0.0218740358662206
-0.018398284618551,-0.0155961235959319
-0.00895127154734003,-0.00843234265023451
-0.00514440099413723,-0.00558885138801339
-0.0253438848921979,-0.0184411892915802
-0.0120996845949405,-0.0117357197114741
-0.015433226722302,-0.010254975756808
-0.0116386183154215,-0.00992770972367193
-0.0273832292839045,-0.0226799432250935
-0.0319831645473253,-0.0310296041305972
-0.010888137928172,-0.0040676176281021
-0.0243468341414509,-0.0248488400213875
-0.022523860822963,-0.0114817960873676
-0.0186437064907433,-0.0121497386210777
-0.0102672332339798,0.0111676065968473
-0.00603239441193351,-0.00278150191884804
-0.0286774555172998,-0.0153591602279424
-0.0094729181721108,-0.0105399401821499
-0.0202224859062668,-0.0185322048733714
-0.0225215746965581,-0.0167049689297111
-0.0203176417683025,-0.0102627034211051
-0.0172787114848813,-0.0121478657891406
-0.0146729691745978,-0.0164311242277227
-0.0148019204445901,-0.00222457735445622
-0.0181297623457057,-0.0132245837996412
-0.0154644650390779,-0.00291360747643485
-0.0107290683347859,-0.0123999375137094
-0.0191565872179913,-0.0142629006384751
-0.0099283244495354,-0.00197870588098155
-0.0175534232132441,-0.0183462905758379
-0.0170507686607621,-0.00523411785012861
-0.0159204978937099,-0.0104975392158169
-0.0130175307765903,-0.0120855160365178
-0.0166333720193247,-0.0157206834312613
-0.015719949723112,-0.0147361734317366
-0.0286819635527964,-0.0235335643121207
-0.017969037470712,-0.0111538167965147
-0.0120526139131503,-0.0153002983613188
-0.0110235944047234,-0.014643145394525
-0.0071968795589458,-0.00126176991693124
-0.0268256817616778,-0.0192085240265745
-0.0158225319787684,-0.00814885279856332
-0.0167782839291098,-0.00912121673084798
-0.0104245253722397,-0.00906938022584078
-0.0145488119868484,-0.0122254754726127
-0.0202073888686422,-0.00401769175277236
-0.024242641562305,-0.0173843960689057
-0.0161200228178235,-0.0215336367429746
0.0249697665837989,0.0241343017067851
-0.0267338153902624,-0.0178658255008043
-0.0260170608050905,-0.0182872276567784
-0.0228114151788826,-0.0169734818962536
-0.0296213626334544,-0.0187586254136752
-0.0155278137918248,-0.0111895668878809
-0.0186526494529963,-0.0175222073320164
-0.0143714162583203,-0.0108482827611042
-0.0127081677187812,-0.00345103092613398
-0.0319999683040559,-0.0188553119845645
-0.00749860921918938,-0.00357872953763863
-0.0195136649135309,-0.0163638734038188
-0.0283476234291672,-0.0168178834120487
-0.033429445337923,-0.0124225380582017
-0.0277153104923663,-0.0225697306408005
-0.0202463930654303,-0.0134492439817532
-0.0341297236560053,-0.020536716000348
-0.0217297732562922,-0.0164189911216798
-0.00527083859697434,-0.00175388280817117
-0.0201796772037524,-0.0197150030568024
-0.0271920352416151,-0.0211545653584209
-0.0134309996353479,-0.00731648607356725
-0.0196799417350351,-0.0183146305023632
-0.0236357331826016,-0.0092206851112703
-0.0186908039788357,-0.0144771828797944
-0.0199820077533266,-0.0162434384084338
-0.0301087470640399,-0.0188468550685887
-0.0256484256563886,-0.0189842310953732
-0.0074016785151336,0.00228082164450455
-0.0151668170062956,-0.000465663649753385
0.00502188588672796,-0.0113096455618011
-0.0150420691590441,0.000467423046116879
-0.00994653950989603,-0.00397281720036869
-0.0174720238604488,-0.0156365011945172
-0.0237990247635869,-0.0142676208379735
-0.0125453773589462,-0.0126367826282928
-0.0336660013106156,-0.0110694119086605
-0.0102937743100953,0.00483064765846076
-0.0220353029553041,-0.0136252407804312
-0.019549961541305,-0.00773329392678413
-0.0182349684397088,-0.0168332156052944
-0.0123920505466583,-0.00648214997727074
-0.0213392786934051,-0.00221403560824909
-0.0251418646091808,-0.0182420493964701
