V1,V2,V3,V4,V5,V6
0.009221846,0.007997342,0.00809911,0.005201234,0.010753066,0.005589897
0.010000104,0.009678519,0.008106716,0.003406599,0.011279609,0.002197154
-0.001016091,0.00149678,0.000844274,8.38E-05,0.00139815,0.000105005
-0.004101233,-0.004800822,-0.004549175,-0.000124134,-0.004354199,-0.000218774
-0.002726131,-0.004143,-0.001484545,4.30E-05,0.005661102,0.000114164
-0.002421004,-0.002443139,-0.001300456,0.000373509,-0.002372697,0.000503093
-0.005811852,-0.00735603,-0.005552439,4.05E-06,-0.006526032,-0.000200384
-0.007080452,-0.004736174,-0.006542942,-0.000218657,-0.007061364,-0.000543007
-0.007844089,-0.007615023,-0.007030233,1.61E-05,-0.002838541,0.000177665
-0.010596235,-0.006288013,-0.013418007,0.003175012,-0.004061532,0.003150682
0.005162493,0.006429101,0.006055221,-0.000102257,0.003160321,-0.000154125
0.005584843,0.005883557,0.005220412,0.000111681,0.00507294,0.000386128
-0.004720043,-0.004589088,-0.00398374,0.000141619,-0.004118701,0.000717276
0.008191468,0.007466552,0.007475102,0,0.008137195,0.000309138
0.006191494,0.006138235,0.005396888,0.000101745,0.004923943,0.000414239
0.00732108,0.014595834,0.009494894,3.23E-05,0.002984626,0.000258618
0.002128587,0.002211798,0.002688533,0,0.002349074,0.002444735
0.004918221,0.002868418,0.002753122,0,0.003865965,-6.43E-05
-0.003898168,-0.003751293,-0.003539621,0,-0.004368976,-0.000562489
0.006121744,0.00524545,0.005665607,0,0.004417685,0.000619218
-0.000817214,-0.000905247,-0.00129815,-0.004450115,0.001320655,-0.004286796
0.00383877,0.004050383,0.003955362,0.002759205,0.006098058,0.003018945
0.003795301,0.00332836,0.003008492,0.000135168,0.004307456,0.000161872
0.005484683,0.002908302,-9.99E-05,0.000323398,0.006288336,0.000641566
0.008250165,0.011870444,0.010271471,0.003181506,0.007460466,0.002958538
0.010643155,0.004274176,0.004673225,0,0.002084013,9.70E-05
-0.009722597,-0.007598691,-0.00687747,-0.001965285,-0.007396226,-0.002679731
0.006443684,0.005971341,0.004161449,1.91E-05,0.007434427,4.99E-05
-0.005487356,-0.003724591,8.44E-05,-0.004949932,-0.007960432,-0.0051161
0.013573868,0.015336726,0.015146304,0.002263856,0.016854062,0.004083007
0.011299091,0.011653519,0.008938673,0,0.003059056,0.000186036
0.00563608,0.006825954,0.008148299,-1.56E-05,0.004619461,0.000835356
-0.003033909,-0.004844584,-0.00331457,4.27E-05,-0.004493301,0.000118128
-0.003729445,-0.004394132,-0.002702211,0.000262672,-0.000453621,0.000431408
-0.013815836,-0.011657134,-0.016676253,-6.87E-05,-0.00866649,-0.000165632
0.003897428,0.005453116,0.005421953,0.0005123,0.005569171,0.000491692
0.001347964,0.004092438,0.001587558,-1.36E-06,0.002850575,-0.000275971
-0.002178776,-0.003678545,-0.003256904,-0.000153473,-0.004668477,-0.000851235
0.000333682,0.001485198,-0.000845163,-0.000286702,-8.81E-05,-0.000755787
0.000566111,0.002589887,0.003001446,-4.52E-05,0.006021055,0.000662496
0.00360962,0.004439281,0.006094052,0.000213564,0.002119634,0.000111946
-0.004197301,-0.003149433,-0.002703821,-0.000208536,-0.001596721,-0.000874569
-0.009906815,-0.009409999,-0.009525547,-0.000306408,-0.009360304,-0.000530568
0.001704581,0.001572061,0.001832425,0,0.001116915,0.000149078
0.010392036,0.009503264,0.009430281,0.000440625,0.010446639,0.00034008
-0.001618893,-0.002505836,-0.001624037,0.00080068,-0.000413336,0.000823553
-5.22E-05,9.97E-05,0.000961777,0.00040928,0.002394945,0.000291061
0.006805949,0.00515814,0.006537538,5.55E-05,0.005195279,-0.000312383
-0.00682931,-0.006610823,-0.007683788,-0.000232066,-0.008059194,0.000451124
0.004804519,0.005810282,0.00518632,-7.86E-05,0.006102684,-0.000114965
0.013124582,0.012132546,0.013214062,-0.000214107,0.006200784,3.20E-05
-0.003036171,-0.002436041,-0.0018641,-0.000234623,-0.001327778,-0.000641262
-0.002144826,0.000715177,-0.000314452,0.000827088,0.002092681,-0.000215394
0.004266844,0.002971653,0.004949623,0.000120615,0.006994301,9.05E-05
-0.012850608,-0.007532106,-0.007867708,8.68E-06,-0.004638005,2.10E-05
0.001034072,-0.002575392,-0.000926601,-0.000650161,-0.001503633,-0.0007439
-0.0027386,-0.002046823,-0.003752052,0,-0.000474912,-0.000381642
-0.009932529,-0.009988025,-0.010142685,-0.000413065,-0.008937029,-9.51E-05
0.007545463,0.006400096,0.007906744,4.21E-05,0.005654249,0.000130428
0.017405311,0.023584734,0.023578879,2.77E-05,0.015591733,0.00067602
0.008809569,0.009395335,0.006453548,0,0.004009487,-0.000658284
0.003236083,0.002409813,0.001660083,0.000530321,0.000723275,0.00066644
-0.000976857,-0.003167844,-0.002948803,-3.20E-06,-0.002732031,-0.001106693
0.000291868,-0.001303263,-0.00097555,-4.55E-06,0.001753609,-0.000544202
-0.008970562,-0.007155569,-0.006472775,-6.53E-05,-0.004226537,-2.10E-05
0.006897582,0.012139126,0.00959867,-0.001816111,0.003623536,-0.001442821
-0.009232996,-0.010749547,-0.011479498,0,-0.009659131,-0.000988151
-0.001832352,-0.000618638,-0.000204004,0.001048731,-0.002571593,0.001077742
0.003798282,0.001025463,0.001552669,0,-0.003548257,0.00010587
-0.003110231,-0.002282418,-0.003477434,-0.005784988,-0.005156216,-0.005841778
-0.001758979,-0.00343106,0.000870365,-0.000255695,0.00576326,-0.000141947
0.001445228,0.003756928,0.005662166,0.010058748,0.001359196,0.009020532
-0.015208621,-0.016986025,-0.01568174,0.000293005,-0.015684124,0.00056563
-0.000176053,-0.001446327,0.000195059,0,0.002749454,0.000392738
0.002091119,0.002474821,0.002292981,0,0.003092131,0.000749339
0.002211406,0.002573854,0.002870248,0.000830279,0.002636972,0.000842835
-0.001316669,-0.001346085,-0.000896733,0,-0.006556932,-0.001028432
0.003761276,0.001473308,-0.001341179,-0.000286781,-0.001937414,-0.000256431
0.004136577,0.003319679,0.004880646,-1.66E-05,-0.001040956,-0.00030425
-0.000510327,0.000742279,0.000471514,0,-0.002888466,-8.90E-08
-0.011312023,-0.009428523,-0.009583105,0.000477682,-0.009548995,0.000413224
-0.011639025,-0.019439096,-0.014412622,1.76E-05,-0.009422615,-0.000575045
0.002737783,0.008718754,0.0064818,0.000152388,-0.000121565,-2.63E-05
-0.006359882,-0.007540384,-0.005817484,-1.45E-05,-0.009802905,1.43E-05
-0.005916714,0.000807609,-0.004233854,0,-0.001016826,0.000543815
-0.000926579,-0.003207435,0.00174662,0,0.003243581,-0.000175706
0.009592835,0.007125757,0.009917586,-2.42E-05,0.005721776,-6.68E-06
0.017371568,0.012954711,0.012285839,-9.61E-05,0.012284731,0.000402175
-0.004665788,-0.002070581,-0.002559092,-0.0006658,-0.003318085,-0.001581654
-0.001820179,-0.005575145,-0.002394798,-0.004567938,-0.008918637,-0.000704612
0,0,0,0,0,0
-0.004283083,-0.007437938,-0.005792069,0.000225123,-0.001342646,0.000404821
-0.008770135,-0.001510285,-0.001617931,0.00072232,-0.001173303,0.00093092
0.005735013,0.009887955,0.00600743,8.88E-05,-0.004373838,0.000218516
0.009258351,0.007936775,0.009489532,0,0.010672452,4.39E-07
-0.003801634,-0.002873526,-0.004441231,0,-0.001516511,-4.85E-05
-1.60E-05,0.001240777,-7.30E-05,0,-0.001607318,-0.000410875
-0.006210075,-0.003832851,-0.004112328,-0.02092965,-0.003165037,-0.01674185
0.00158951,0.003885129,0.001234505,0.000112079,0.000434624,4.93E-05
-0.000107995,-0.001560362,-0.002520951,0,-0.002133366,-0.000350199
0.004428502,0.006328407,0.006190273,0,0.00466053,-5.09E-06
0.019459683,0.019424464,0.023743963,-0.03824678,0.015132337,-0.037812108
0.00657504,0.007997961,0.007394913,0.000640293,0.005254677,0.001814611
0.006403704,0.00683179,0.006951741,0,0.004620558,8.72E-05
-0.003235735,-0.002206049,-0.003158296,0,-0.002375034,-0.000705265
0.015109332,0.010192272,0.010286331,-9.25E-06,0.008115384,0.000632704
-0.011409567,-0.010042785,-0.009494009,-0.001150343,-0.009559342,-0.002952045
0.001238011,-0.002376946,-0.003072799,0,3.87E-06,-0.000885615
-0.013148171,-0.005358808,-0.004070133,0,-0.0075512,-6.80E-05
0.006250691,0.00568802,0.005536994,0,0.006863862,0.000255364
0.002403277,0.001444748,0.002555557,-6.05E-05,-0.001424641,0.000139225
0.014553522,0.01452092,0.015555121,0,0.010237736,0.002388603
-0.011518412,-0.010021083,-0.010654753,-6.41E-05,-0.005003319,0.000883481
0.010548948,0.009768698,0.0080606,0,0.006855945,0.000751099
0.016001642,0.014909109,0.017268315,0,0.016022078,0.000917068
0.002169358,0.002953462,0.003112433,-0.000634112,0.002354039,-0.000933969
-0.00422709,-0.004381926,-0.005230216,-9.71E-05,-0.004227498,-0.000467377
0.007681623,0.006309778,0.008191384,0,0.004247289,0.001258727
0.005389964,0.001097451,0.002791764,0,0.00154962,6.62E-05
0.001128372,-0.000517935,-0.001522928,0,0.001670621,-4.03E-05
-0.00852085,-0.007893084,-0.010067177,-0.004174814,-0.007759829,-0.00047825
0.010106431,0.005400792,0.01002614,0,0.009230316,0.00034527
-0.009494583,-0.010478417,-0.006559018,0,-0.001977371,-0.000345507
0.00357434,0.004439899,0.001252082,0,0.002278748,1.11E-05
0.000194011,-0.000699602,0.000137631,-0.111465684,-0.001944942,-0.102933139
-0.000527504,0.000628935,0.000520339,0,-0.002409329,7.05E-05
-0.000659754,0.000245592,0.001010218,-0.001193124,-0.001813654,-0.000361997
0.005103154,0.002440971,0.001006188,0,0.00838317,0.000204332
0.007035922,0.003277681,0.002995212,-0.000674988,0.002604179,-0.001101147
-0.016652161,-0.02025534,-0.021253924,0,-0.016533968,-0.002381654
0.000616692,0.000790694,3.13E-05,0.00482429,0.002125421,0.004862071
0.027186314,0.023851926,0.021804404,0,0.020849377,9.31E-05
0.003422416,0.003133708,0.004462167,0,0.00445365,-0.000641547
0.000176905,0.001616112,-0.000903242,0,-0.005544289,-0.00040903
0.004259179,0.0028602,0.001986598,0.000989812,0.004044253,0.000900928
-0.006306589,-0.004955432,-0.006013345,0,-0.005298235,-3.80E-05
-0.001517306,-0.001823131,-0.003221742,0.100934579,-0.001866917,0.090633858
0.003176699,0.008911198,0.003123756,0.000336011,0.001848865,0.000597382
0.008458714,0.010566249,0.010305392,0.000418224,0.005088017,0.000916853
0.013449087,0.016262038,0.012991609,0.00310421,0.011843982,0.003095231
0.00527585,0.001887298,0.001852219,0.002050839,0.003231669,0.00210121
-0.003770282,-0.004084637,-0.004485123,-0.003098122,-0.0063468,-0.004640862
-0.003896888,-0.003112404,-0.006003643,-0.001659547,-0.004101962,-0.001686427
-0.004008881,-0.004461202,-0.004717373,0.000847258,-0.00327244,-6.66E-05
0.01310461,0.011784772,0.012758148,0.00015579,0.008710056,0.000422249
0.005525753,0.000356731,0.003151538,2.59E-06,0.000142141,9.85E-05
0.014033535,0.009003119,0.013297969,-3.13E-05,0.006772289,-0.0002972
-0.015330581,-0.010133235,-0.010091611,-1.47E-05,-0.006107166,0.000142207
-0.029459507,-0.023480688,-0.024584726,-0.000654764,-0.02189957,-0.003467835
0.033621552,0.023943689,0.020368311,0.00012221,0.01457846,0.002487518
-0.001206126,-0.000815641,-0.001820047,0,0.002866511,0.00128798
0.000192432,-0.001559141,-0.001061691,0.00053843,-0.002129147,-0.000142756
0.008669502,0.007684768,0.007958402,-0.000208213,0.006834558,0.001045009
-0.000406673,0.003277759,0.000400261,0.000985894,0.000269676,-6.11E-05
0.009110551,0.007982883,0.012013454,0,0.006036752,0.000576617
-0.007982931,-0.005370403,-0.007481003,5.12E-06,-0.00224571,-0.000452678
-0.002477189,-0.004483819,-0.003541648,0,-0.004219605,4.71E-05
-0.009856164,-0.009635193,-0.008409903,0,-0.007893097,-0.000194331
0.011401965,0.01037725,0.0108037,0,0.014183174,0.000147063
0.007140567,0.008465255,0.008732648,0.002397437,0.010059574,0.003004969
-0.005728225,-0.004132415,-0.003631425,6.25E-06,-0.001405613,0.000551284
0.004807238,0.006678075,0.007373411,0,0.001634202,0.000167276
-0.001873305,-0.003193023,-0.002258132,0,-0.002777155,-0.00152086
0.009424445,0.013746619,0.010009058,-0.002182821,0.006814791,-0.001762116
0.002462605,0.004138036,0.00093855,0.000273447,0.006861329,0.000964886
0.00026674,0.004233875,0.002993663,0.003512421,0.002008689,0.002231365
0.004643014,0.004664056,0.003632843,0.002488039,0.004266597,0.002352354
-0.004227448,-0.005532235,-0.004064334,-0.004109742,-0.006672374,-0.003400847
0.000625671,-0.001403429,-0.000746396,0.001114108,0.000946089,0.001240435
0.013861139,0.01768313,0.011059205,-1.43E-05,0.004496943,9.92E-05
0.00465266,0.003893955,0.007478428,-0.002454095,0.002557527,-0.001590492
0.003386675,0.008041655,0.005916719,4.76E-06,0.001755991,5.41E-05
-0.006763034,-0.010906555,-0.007321535,-3.76E-05,-0.002633102,-0.000194023
-0.008212625,-0.007625059,-0.007002872,-0.002204627,-0.00458327,-0.001919607
0.009213552,0.011283484,0.011904779,0.004121033,0.007664874,0.004703357
-0.002186135,-0.003168012,-0.003247896,-0.003472748,-0.004766585,-0.002059494
0.008791727,0.007235178,0.009792135,-0.001357432,0.007292313,-0.000537723
0.00033946,-0.000615343,-0.002270816,-0.002687358,-0.004384471,-0.002558308
-0.001600574,0.000483167,-0.000508492,-0.003051082,-0.001352993,-0.003113297
-0.012801926,-0.009027584,-0.006978436,-0.000337865,-0.005097019,-0.002023464
-0.002313929,0.000387404,0.000192276,-0.002571837,0.003165963,-0.005105717
0.005812264,0.007622558,0.007698671,-0.001319005,0.002973827,-0.001168048
0.001800598,0.001569611,0.004185339,-0.002751604,0.002424488,-0.001192059
0,0,0,0,0,0
0.013657278,0.014231012,0.012717897,0.005561411,0.011906255,0.005774278
-0.00274525,-0.004235656,-0.002736252,0.005016102,0.002063759,0.006270391
0.001837911,0.001970181,0.000608703,0.003382658,0.002099552,0.003129339
0.004784548,0.008716639,0.006460441,-0.005408379,0.000658261,-0.004348143
0,0,0,0,0,0
-0.008436763,-0.012101396,-0.011284128,0.001989301,-0.002340051,0.002838395
-0.001775439,-0.002074916,-0.00197824,-0.001925017,-0.002063062,-0.003220988
0.008859116,0.009263152,0.006254368,0.008703085,0.005919559,0.008413755
-0.002092068,-0.004182263,-0.001661445,-0.009471429,-0.003053162,-0.007403481
0.010970666,0.014453233,0.014726765,0.001152965,0.002938199,0.000808337
0.010874104,0.012588041,0.017382463,0.000753689,0.003540887,0.0008484
0.001320828,0.004684758,0.00441382,0.00400131,0.005580445,0.003348312
0.006673787,0.007372315,0.009638415,0.001921261,0.00585888,0.001832334
-0.002317224,0.00305296,0.003234672,0.003897463,0.005041701,0.001564232
-1.13E-05,-0.00223542,-0.000881857,0.003060154,0.00149377,0.003041574
-0.010563095,-0.013561578,-0.013123593,-0.000866226,-0.004379772,-0.001631753
0.00552967,0.005169866,0.005894506,0.003989229,0.001477217,0.004354712
-0.001266122,-0.000650238,-0.000730534,-0.000701757,-0.000122547,-0.000675532
-0.005877131,-0.001310667,-0.002719996,-0.001015279,-0.002360928,-0.000944284
-0.01181394,-0.009309237,-0.005094121,-0.001448514,-0.004381232,-0.001366091
0.012572494,0.010703585,0.00976224,-0.000727086,0.012245016,-0.000761555
0.009098425,0.007339795,0.006947889,0.000564181,0.008076296,0.000845738
0.000288891,0.000590179,0.00251911,0.026154694,-0.001307427,0.022345224
0.01195547,0.01426145,0.018716953,0,0.008572244,0.000844593
0.011647983,0.008410943,0.007916892,-0.001097301,0.008146624,-0.001605391
0.013533688,0.01269038,0.013145857,0.001639289,0.00943736,0.000703161
-0.014841616,-0.016411592,-0.010902358,-0.002947412,-0.007230021,-0.002950816
0.005753095,0.001034398,0.000858363,-0.003683216,-0.007694953,-0.003546295
0.009313052,0.014969064,0.005696561,-0.009712233,0.006650906,-0.00859554
-0.007344094,-0.005541291,-0.006929976,0.012364887,-0.007400062,0.013717887
0.027779152,0.030033981,0.030969526,-0.002240703,0.011714652,-0.001460279
0.013728033,0.016049484,0.01681793,0.012134387,0.012240698,0.011430214
0.002954848,0.002007938,0.001306801,0.00550881,0.003056419,0.005632613
-0.038593151,-0.039832845,-0.032802684,-0.004709643,-0.031242881,-0.003955185
-0.005703526,-0.008327594,-0.007301649,0.000986937,-0.001598142,0.001060233
-0.019844193,-0.02751873,-0.019437947,-0.005022263,-0.016372737,-0.005573707
0.021924207,0.019622175,0.018699121,0.001313825,0.012109874,0.000721564
0.006233519,0.003832554,0.00478235,-0.000572986,0.003514619,-0.000796889
-0.014821028,-0.016148145,-0.013146941,-0.001745438,-0.009006565,-0.001433477
0.005662637,0.00389655,0.003851166,0.001356386,0.002199932,0.000967094
0.009873933,0.007499647,0.011530179,0.000977089,0.002715079,0.000815197
-0.002960874,9.84E-05,-0.002715369,0.011061693,-0.00442696,0.010394208
0.005136941,0.006842589,0.020290735,-0.002226938,0.001956685,-0.000590842
-0.013252561,-0.014586251,-0.011816709,-5.71E-05,-0.010512893,-0.000152564
0.011133855,0.008185936,0.009026919,0.001164427,0.007330308,0.0009996
0.021938741,0.019812774,0.017733219,0.003090174,0.01642866,0.002956007
-0.01194087,-0.01220568,-0.012134389,-0.00494004,-0.011443074,-0.005073899
0.013332594,0.012295742,0.015106138,0.000620018,0.009935041,0.000717104
0.002780274,0.003328761,0.001555877,-0.004298343,-0.001455053,-0.005935114
-0.015717821,-0.014510513,-0.017071433,-0.00094953,-0.010726549,-0.0006442
-0.001380331,0.002353908,-0.00137605,0.002151184,-0.000112655,0.002003019
0.016196444,0.014723623,0.014296833,0.003765019,0.011939575,0.004274282
0.002991655,0.003379064,0.000684603,-0.000558034,4.05E-05,0.000950446
0.014994747,0.01259179,0.021980741,-0.002246315,0.010844859,-0.002745619
0.00312366,0.002119451,0.002131015,0.001501624,0.002865626,0.001915496
-0.00303415,-0.000581176,0.00162161,0.001043954,-0.002749599,0.002443998
0.001884081,0.002716208,0.003054307,0.003161844,0.004163547,0.003545596
-0.012594067,-0.014016744,-0.01654811,-0.005214433,-0.011195637,-0.005481609
0.006452214,0.007669581,0.006933905,-0.003319526,0.009235565,-0.001725474
0.005801112,0.005874902,0.004648432,0.001135629,0.005294863,0.001212327
0.021332915,0.030922948,0.021591989,0.009856089,0.017972249,0.010167904
0.011545101,0.009146765,0.007937072,0.004524322,0.00589178,0.005025789
0.005359599,0.004115985,0.004840261,0.001086385,0.006652277,-0.001197129
0.006377439,0.002053719,0.003018878,0.00615419,0.001150059,0.005846482
0.002584604,0.000517574,0.000820244,0.004094293,0.007619274,0.004422336
0.000286525,0.002177117,0.001131458,-0.003457344,0.002068123,-0.004218181
-0.001041314,-0.001798547,-0.00203258,0.004523,0.00111527,0.010076627
-0.002573601,0.001605749,-0.000343503,0.001849857,-0.001586935,0.002054711
0.004767742,0.003478923,0.003260948,0.00062583,0.000811533,0.000653947
-0.024352787,-0.018073464,-0.02445342,-0.003702196,-0.008274604,-0.005785472
0.004418286,0.012449558,0.011063175,0.000743506,0.009298566,0.001181813
-0.005284029,-0.001878915,-0.00443917,0.000554879,-0.004179091,0.002006603
0.00568288,0.007111794,0.009448244,0.004441852,0.007344481,0.005488765
0.001156728,0.000894053,0.000467176,0.011242097,0.000932428,0.008621708
0.015543788,0.015918588,0.014869844,-0.002436623,0.012400368,0.0009889
0.007761801,0.007826783,0.00815778,0.003826235,0.007945751,0.002801369
-0.000179598,-0.001546164,0.001646577,0.013921692,0.002403338,0.014799961
-0.003658437,-0.004560284,-0.000847901,0.000308742,-0.003437724,-0.001887462
0.000295729,-0.000585557,-0.001567255,0.001135932,0.001051128,0.002816089
-0.021260063,-0.027761083,-0.027445446,-0.00681249,-0.017531055,-0.011592857
-0.007654478,-0.005548315,-0.00517006,-0.001042964,-0.006780162,-0.001204746
-3.51E-05,0.002566418,0.001523297,-0.005127794,-0.004508907,-0.00743451
-0.011830711,-0.013300215,-0.011863652,-0.010385572,-0.013838467,-0.010183277
0.008335597,0.007339789,0.008229039,0.003262151,0.012179631,0.006959782
-0.007004398,-0.002333481,-0.004180916,-0.000794943,-0.000808241,-0.000362834
-0.039633625,-0.036010887,-0.035966154,-0.014737224,-0.035919428,-0.015603186
-0.026062196,-0.021447423,-0.024253696,-0.011133075,-0.016849904,-0.013024141
-0.001638799,0.000606595,3.62E-05,-0.00404034,-0.004757457,-0.004380202
-0.050797235,-0.045359362,-0.048255861,-0.012605999,-0.042971572,-0.013151081
0.026639659,0.021760623,0.025107474,-0.002525139,0.019210251,0.000767635
0.008420894,0.009792848,0.010254108,0.000317165,0.010400495,0.001781717
0.005086662,0.005029032,0.004018513,0.000919503,0.005255291,0.001486779
0.037196835,0.037668371,0.043571084,0.010457062,0.025051092,0.010317419
0.008345057,0.005222976,0.00607012,0.000133751,0.003530085,0.001047004
0.01848507,0.015597766,0.018491855,1.54E-05,0.017582867,0.006164455
-0.009949791,-0.0112484,-0.012139774,0,-0.011714515,-0.001544678
-0.008500765,-0.009885395,-0.007381236,-0.001192188,-0.006333598,-0.004087112
0.005916261,0.012838113,0.009310623,0,0.009292576,0.001176859
-0.010518455,-0.008410427,-0.00586664,0,-0.007953793,-0.000890291
-0.001392375,0.006429087,0.001310027,0,-0.000138082,0.000484747
0.016565359,0.013107461,0.015380669,0.006896259,0.014965497,0.006905846
-0.006975182,-0.006232968,-0.005624081,-0.004949932,-0.007579198,-0.004394809
0.011654633,0.013571015,0.015299686,0.003805633,0.009441693,0.003298855
0.010242933,0.011352082,0.009489351,0.00158082,0.008286117,0.002172652
0.016199836,0.012822139,0.012593519,0.000530903,0.009425967,0.000240928
-0.011419486,-0.010788203,-0.01078765,0,-0.008724592,-0.00072011
-0.004167106,-0.004447306,-0.001691218,-0.004613139,-0.00359648,-0.005810218
0.004918537,0.00753401,0.006160056,-0.000627105,0.003008963,-0.000405022
-0.009414133,-0.008513457,-0.006436381,-0.001798495,-0.010416358,-0.001833883
0.002307766,0.003079407,0.001923698,-0.000467951,0.000996892,0.000657213
0.004730016,0.004423255,0.004772555,0.002965383,0.001904922,0.003503852
-0.005017077,-0.004059873,-0.005167953,-0.000444295,-0.0055542,-0.000921745
-0.010091089,-0.009560951,-0.010930895,-0.001260996,-0.007593006,-0.001262331
-0.028590173,-0.031073084,-0.029314262,-0.014886233,-0.031610248,-0.008401909
0.006694037,0.010064642,0.012456228,-0.004958418,0.002769794,-0.005303608
0.009766899,0.008283303,0.00854133,0.004754485,0.011877677,0.004620498
-0.020522634,-0.017285239,-0.017877443,-0.002816701,-0.017839921,-0.002690327
0.014493469,0.014856186,0.013037731,0.004892017,0.010678273,0.00410946
0.016060951,0.018608718,0.008250855,-0.000549953,0.00708429,0.000292804
0.003320553,0.001356348,0.001506461,0.000238244,0.000323874,0.000307359
-0.005362864,-0.005473931,-0.003911084,-0.001926896,-0.006304194,-0.002532429
-0.011771152,-0.004865839,-0.00533876,-0.001115998,-0.002603154,-0.001091363
0.000973983,0.000976068,0.001878644,0.00493204,0.000314303,0.004731793
0.015610158,0.016664197,0.016993138,0.008799763,0.017307681,0.008666741
0.004899901,0.004303342,0.005237344,0.001355379,0.004824171,0.001490237
-0.007858067,-0.007579133,-0.007235325,-0.002773817,-0.007727778,-0.003204935
-0.003926309,-0.005081129,-0.003668162,-0.003381134,-0.006514178,-0.002923543
0,0,0,0,0,0
-0.021378594,-0.022107317,-0.023451676,-0.003288049,-0.017831718,-0.003291724
0.009543455,0.010170893,0.007764933,0.001636167,0.008315749,0.002053504
0.012839422,0.010998632,0.012263441,0.000630321,0.011564177,0.000902873
-0.012246139,-0.01175529,-0.013428435,-0.004785617,-0.013515592,-0.005823148
-0.015184118,-0.009043586,-0.00773367,-0.000192243,-0.005127102,-0.00159147
0.027304568,0.031847484,0.030566267,0.003293253,0.021233993,0.003346818
-0.003795322,-0.005705941,-0.006252732,-0.002338851,-0.002740158,-0.001060148
-0.01228157,-0.008334164,-0.009252239,-0.003769112,-0.014677245,-0.003793087
-0.003069774,-0.00311067,-0.005955375,0.008102836,0.000821735,0.008031612
0.003648382,0.007204608,0.003889327,-0.00187655,0.002366848,-0.001772778
0.009834567,0.009910282,0.010360792,0.000511885,0.007625607,0.000542033
0.006443964,0.006242487,0.008284206,-0.000614818,0.000445769,-0.000320055
0.027153062,0.023722211,0.026800355,0.002939203,0.02009124,0.003207579
0.007248414,0.007825735,0.0077042,-0.002022304,0.006761392,-0.002411738
-0.002689602,-0.004483971,-0.001611084,0.000900695,-0.000225083,0.001028363
0.009040474,0.006688247,0.006697777,-0.00056642,0.005131018,-0.000610517
-0.008686597,-0.004881479,-0.006893976,-0.000553308,-0.005396028,-0.000295788
0.002666488,0.000527175,0.00207301,-0.002342913,0.001861146,-0.002369107
0.00927347,0.007179561,0.008849985,0.001481859,0.007115693,0.001089804
-0.003465868,-0.00486616,-0.005048654,-0.00345324,-0.005437697,-0.003304519
-0.01610941,-0.010809502,-0.01507146,-0.000115505,-0.008012032,-0.000771631
0.001492207,0.004511001,0.006632557,0.000729526,0.010696896,0.00073927
0.017283786,0.014203714,0.010313994,0.000596693,0.009073976,0.000622508
-0.002168236,-0.001422496,-0.001711297,-0.000276539,-0.000854638,-0.0003602
-0.01302381,-0.013498027,-0.00812899,-0.000317557,-0.012845622,-0.001853011
-0.00426836,-0.000824149,-0.000471587,-0.000936446,-0.009237443,-0.002292306
-0.00469961,-0.006265012,-0.006372245,8.08E-06,-0.005379617,0.000207468
0.000435102,-0.003877812,-0.001370759,-2.57E-05,-3.80E-05,0.000159642
-0.004321035,-0.007715621,-0.004088457,0,-0.00819475,-0.001653335
-0.007837183,-0.014384516,-0.014715123,0,-0.024761246,-0.006473983
0.016077102,0.01859116,0.017413014,0,0.017505414,5.56E-05
-0.015000638,-0.016840965,-0.015993765,0,-0.011290135,-0.000511377
0.003786352,0.004475232,0.004542068,0.004718059,0.004987167,5.38E-05
0.020571097,0.034248381,0.018274275,-0.000157056,0.013500509,-0.000529344
-0.00066258,-0.002055818,-0.002593611,-0.000205212,0.000290861,-0.000199451
-0.010714367,-0.013912663,-0.014556361,0.000608227,-0.005154722,0.000802772
-0.008259886,-0.005490006,-0.008304917,-3.72E-05,-0.011198035,-0.000825848
-0.0031963,-0.005749724,-0.004679131,-8.04E-05,-0.005399313,-0.000913915
0.022364145,0.017202204,0.016738257,0.00191929,0.013273973,0.002696084
-0.016797027,-0.007398938,-0.013680074,-0.002534927,-0.010957827,-0.002833795
-0.015824076,-0.007377888,-0.006829685,-0.000938505,-0.003344212,-0.000505752
-0.025158812,-0.012659929,-0.016945386,-0.000985495,-0.008829237,-0.001397136
-0.057193481,-0.047620186,-0.049656391,-0.003702638,-0.041908546,-0.004665081
0.001295111,0.003546654,0.005751128,-6.97E-05,0.003003758,-0.000101
-0.008350338,-0.007966911,-0.006850477,-1.94E-05,-0.010694406,-0.006398014
0.003829006,0.006723886,0.004191173,0.002789821,0.008464028,0.002876885
-0.01565026,-0.018996531,-0.012389351,-0.002831011,-0.008336263,-0.002510436
-0.003896919,-0.002549631,-0.003980737,-0.007266237,-0.005176291,-0.00650043
-0.019410655,-0.020913723,-0.017518589,-0.003002545,-0.015060144,-0.0034506
-0.013465194,-0.013876877,-0.015362714,-0.003613422,-0.0115133,-0.003993504
0.035712272,0.031312601,0.033817653,0.002871472,0.024577988,0.0029214
-0.030001461,-0.023921045,-0.032085734,-0.001960322,-0.024030907,-0.001723708
-0.00044513,-0.002148732,0.00147491,-0.001237061,0.002885899,0.001195949
-0.010390846,-0.011766741,-0.009121594,-0.000639299,-0.010910115,-0.000844521
-0.016228297,-0.019002592,-0.016873558,0.002645202,-0.017309612,-0.000584335
0.005002646,0.00395391,0.004181462,-0.002751767,0.002309925,-0.002612515
0.037294962,0.035643707,0.03082308,0.00434115,0.028126223,0.004578188
0.006404005,0.005873488,0.006563029,-0.000122873,0.004847064,-0.000200692
-0.012018315,-0.004136247,-0.012718636,-0.001733498,-0.017270247,-0.002043573
0.027137117,0.03222835,0.0290147,0.007984404,0.023808456,0.007950483
0.012211834,0.013614269,0.00788245,-0.00033142,0.0063926,0.000394206
-0.002009673,-0.005990121,-0.004579719,-0.001031045,-0.000325129,-0.00117559
-0.003351726,-0.006138961,-0.005251732,1.37E-05,-0.004935565,-0.000381217
-0.003468492,-0.00924819,-0.008782723,0.000881959,-0.003390234,0.000605037
-0.000696531,0.00254871,-0.00155848,0,-0.002302529,0.000975555
0.012251268,0.014137372,0.010895769,0.001541553,0.015930044,0.003686828
0.009822476,0.007556866,0.009926118,0.000437724,0.009100518,0.000226933
0.023658287,0.024270128,0.028061238,6.37E-05,0.020005828,2.06E-05
-0.004760633,-0.003341277,-0.003292182,-5.56E-05,0.001269025,0.000242438
-0.010638293,-0.009457702,-0.009566853,0.000132795,-0.010247083,-0.000808837
-0.004542518,-0.004344164,-0.003080035,0,-0.003460828,-0.000376384
-0.004435472,-0.00589736,-0.006309602,0,-0.003518951,-0.000514389
-0.002054627,-0.001940684,0.006803227,0,-0.001475597,0.000119731
-0.012356425,-0.014284224,-0.013896827,-6.61E-05,-0.01632004,-0.00010375
-0.019172168,-0.018245011,-0.024451402,-0.000122018,-0.018641537,-0.001488571
-0.031300989,-0.024976707,-0.024240895,-0.069393076,-0.017518513,-0.064944413
-0.025479587,-0.024491231,-0.020784035,-0.011611637,-0.019046293,-0.011918824
0.038731362,0.035779365,0.035030017,0.002558184,0.033407963,0.004296443
-0.013473205,-0.010415407,-0.012665545,-0.000208058,-0.013556979,-0.000233831
0.031864857,0.032480286,0.026995612,0,0.024746008,0.002145504
0.005976197,0.005859582,0.008518927,-0.000325089,0.002836856,-0.000232448
0.00653306,0.010110183,0.003782115,-0.000878902,0.000323788,-0.001003832
-0.005433614,-0.006091745,-0.004761202,3.60E-06,-0.004483964,-1.30E-05
-0.022694642,-0.023267516,-0.022047858,-0.001071746,-0.022231794,-0.001241994
-0.003809249,-0.008247623,-0.007679216,-0.002064601,-0.009082139,-0.001877022
-0.016629926,-0.016902932,-0.016365872,-0.001108484,-0.016602309,-0.001170636
0.006508572,0.009442393,0.008243703,0.00028625,0.006626846,-0.000931893
0.022628657,0.01924216,0.026046273,0.000467372,0.018281807,0.002306882
-0.008427683,-0.008396542,-0.008437377,-0.000568708,-0.0071104,-0.000339942
0.005677828,0.005989053,0.009805819,0.000856362,0.0048262,0.000827138
0.001979446,0.004336698,0.002679406,0.000791006,0.000250318,0.0010347
0.027780008,0.032580648,0.030371023,0.000131893,0.026681942,0.000820286
0.00041434,0.001405916,-0.002735568,-0.001487737,0.001594026,-0.000673869
-0.003914506,-0.003589847,-0.00500579,-0.002429864,-0.005330264,-0.002551128
-0.010463587,-0.010578382,-0.010191746,-0.001123787,-0.010854918,-0.0023416
-0.010893533,-0.013633501,-0.015718332,-0.000260471,-0.007485209,-0.000464982
-0.000714192,-0.003439105,-0.003829794,-4.27E-06,-0.001501206,0.00076247
0.008499864,0.005702343,0.008442255,0.000282507,0.009637665,0.000409478
-0.01838978,-0.016071455,-0.017480763,-0.001958994,-0.019124829,-0.001700303
-0.009623584,-0.007833256,-0.00703379,-0.001662008,-0.008085726,-0.001173077
0.000714313,0.003685248,0.004306847,0.000151011,0.001527252,0.000625943
-0.015500649,-0.015798006,-0.017632871,0.000183942,-0.016226167,-0.000687401
-0.006736276,-0.0097805,-0.009983598,-0.000412139,-0.001379296,0.000213512
-0.004642235,-0.007541999,-0.007318701,-0.000933598,-0.005823724,-0.000843147
0.008965138,0.00980928,0.010264621,0.001770868,0.008746373,0.00194088
-0.005114233,-0.000424556,-0.006788885,-0.000425264,-0.000146278,-0.000432214
-0.014397306,-0.014183215,-0.01272417,-0.007253208,-0.014408802,-0.010068768
0.024966309,0.024133805,0.024088305,0.000193814,0.022146317,0.003694732
0.01279177,0.010114759,0.013675494,0.003134626,0.014043571,0.003912328
-0.001244517,-0.000949747,-0.000400749,0.00013019,-0.000869298,-0.000171679
0.02603958,0.027579418,0.028235751,0.002241217,0.024921594,0.002016784
-0.006599755,-0.006569332,-0.005257526,0,-0.005970227,0.000134424
0.011800284,0.015452119,0.015961983,7.50E-05,0.011222901,0.00015955
-0.005380367,-0.003592631,-0.003911914,-8.48E-05,-0.004200597,0.001925428
0.00840192,0.009590144,0.008239526,0.000515637,0.010415919,0.00136609
-0.040448125,-0.040060967,-0.038456965,-0.000431427,-0.039381892,-0.01118699
-0.002894962,-0.001444968,5.28E-05,-0.000105166,-0.000566347,-0.00064417
-0.002534272,-0.005830073,-0.002197259,0.000682011,-0.001407787,0.000441009
-0.051976696,-0.051414515,-0.05053617,-0.042764387,-0.052460185,-0.011079545
0,0,0,0,0,0
-0.020491079,-0.02109091,-0.017442546,-0.004545849,-0.018352265,-0.006210831
-0.019437649,-0.018451607,-0.021410327,0.000973732,-0.017043946,-0.002705851
0.004050321,0.006304763,0.006851003,0.000366823,0.00799173,0.000278549
-0.028244922,-0.02755861,-0.028215185,-0.000660828,-0.026419951,-0.000984401
0.03260138,0.030218489,0.03104883,0.012911613,0.028061221,0.014259252
0.045193141,0.040227799,0.046401268,0.00206351,0.046547608,0.002679818
-0.021862179,-0.023418138,-0.022301125,-8.26E-05,-0.024582422,-0.001403607
-0.006432161,-0.005000352,-0.004730194,0.004795929,-0.003710655,0.00410115
-0.004406781,-0.002881783,-0.006254551,8.57E-05,-0.002545885,-0.000663236
-0.006545863,-0.002591471,-0.005841706,2.74E-06,-0.00359092,0.000282466
-0.025230437,-0.026408696,-0.02853972,-0.000142695,-0.026522536,-0.003152891
0.007643807,0.006305118,0.007860152,0.000990444,0.009115248,0.000802809
0.021927991,0.0193955,0.020513934,0,0.018010128,0.000492958
0.007933356,0.006744874,0.006732479,0.000140356,0.006134994,-0.000995688
0.041656015,0.041437442,0.039063186,0,0.035570587,0.002576646
-0.010071317,-0.006247002,-0.007345724,0,-0.004819898,-0.00011844
-0.00158753,-0.003110598,-0.004165533,0,-0.002638629,-0.000864538
-0.004011551,-0.003981583,-0.00505388,-0.000101398,-0.005430502,-0.000255048
-0.006670548,-0.005719684,-0.006971598,5.65E-06,-0.005095025,-1.43E-05
-0.00908988,-0.006625772,-0.005340987,-0.001515166,-0.011011194,-0.00183691
0.015470976,0.016013023,0.014002796,7.24E-05,0.01622972,0.001024882
0.012572774,0.011503311,0.014290294,2.17E-05,0.009061506,0.000533626
-0.008092671,-0.008051058,-0.007981942,-0.000325142,-0.008086342,-0.003053887
0.010710574,0.011003341,0.011657927,2.85E-05,0.011987347,0.001864767
0.005433331,0.001827955,0.002674538,0.000162083,0.002704736,0.000491953
0.00866921,0.007069176,0.007847162,7.51E-05,0.008041794,0.000687257
-0.022397883,-0.022376444,-0.022423565,-8.08E-05,-0.021927891,-0.000345922
0.004724502,0.003915165,0.002782295,0.003033006,0.002079535,0.003883055
0.001022376,0.001132376,0.001728651,0,-0.000596463,1.98E-05
-0.024502006,-0.024993944,-0.025305666,0.024560892,-0.023516997,0.02282298
-0.002355196,-0.000669882,0.001593567,0.000271018,-0.002366705,-8.56E-05
0.003753157,0.006540588,0.003205245,-0.000280104,0.001783298,0.001726802
0.01567863,0.018731191,0.01642122,0.000188948,0.014110247,0.002441905
-0.008285509,-0.010046057,-0.010050479,-0.000328602,-0.012042498,-0.000674559
0.012696705,0.013575345,0.015203554,0.000614411,0.011492271,0.003160097
0.034131534,0.033233387,0.034261321,0.01577626,0.030747791,0.011037049
-0.000295566,0.001512992,0.001993864,-5.43E-06,0.002539162,4.22E-05
0,0,0,0,0,0
-0.021852465,-0.021798109,-0.021470957,-0.003916813,-0.019964045,-0.006722005
-2.22E-05,0.000354175,-0.000148592,-0.069069834,0.000867504,-0.06927677
-0.007517435,-0.00793857,-0.006886975,-0.019636655,-0.010424036,-0.018067717
0.001842594,0.003291766,0.003702732,-1.46E-05,0.004239392,-0.000244516
0.00220964,0.002828359,0.002716598,0.002722743,0.003469256,0.002250403
0.015635077,0.015824057,0.017746095,0.009782886,0.01555784,0.009655936
-0.016808895,-0.016832357,-0.01872208,-0.019306275,-0.016766299,-0.017859373
-0.007607675,-0.012820356,-0.008792443,-8.69E-05,-0.00424764,0.000967149
-0.00526543,-0.004192769,-0.006070309,-0.003261563,-0.008132187,-0.004357421
-0.019080008,-0.021306397,-0.022056354,-0.014327288,-0.015262864,-0.01418096
-0.001154273,0.005407509,0.000184759,-0.011260322,-0.003876861,-0.011197466
-0.011269108,-0.013100816,-0.014070489,-0.000370445,-0.010523926,-0.000891281
0.013631045,0.014354674,0.016396714,0.003638889,0.008165414,0.004174104
0.003893831,0.011043293,-0.00148916,-0.006214137,-0.006595513,-0.007265487
-0.006484194,-0.008931332,-0.008591468,0.001972969,-0.004603086,0.001358532
-0.004612481,-0.006855604,-0.005249208,-0.000917388,-0.005103018,-0.001267795
-0.006281994,-0.005095453,-0.000494413,0.005870933,0.004928065,0.006229175
-0.013449045,-0.013390442,-0.013929203,-0.01970725,-0.014463406,-0.020082809
-0.009679182,-0.006981801,-0.008107787,0.013900683,-0.004872835,0.01319057
0.022142191,0.019936258,0.026187212,0.011563647,0.022568274,0.01307849
0.010435448,0.009431967,0.010622738,0.003701587,0.011455423,0.004011348
-0.001243053,-0.002218671,-0.00148977,-0.005776275,-0.001616104,-0.00578156
0.004697379,0.005562823,0.006793033,0.003455807,0.008375484,0.005210422
-0.003880722,-0.001976798,-0.004069221,-0.004794755,-0.002446412,-0.004597386
0.004105378,0.004318027,0.005173093,0.002828972,0.004993956,0.00200701
-0.009040342,-0.009469309,-0.009137975,-0.004059839,-0.007481697,-0.006592172
0.025296161,0.030049174,0.030993939,0.007179191,0.019161983,0.008379753
0.002646775,0.001348404,0.001728152,0.001090768,0.000519855,-0.000295133
-0.008201785,-0.007391498,-0.006226145,-0.002058051,-0.006542238,-0.002254891
0.015155947,0.014546363,0.014604413,0.012492752,0.016463351,0.014976284
0.005902834,0.008055156,0.008512526,0.005403332,0.006182003,0.005464083
-0.013770749,-0.012451191,-0.013258084,-0.008230761,-0.014593788,-0.007914943
0.000603719,0.001887419,-5.37E-05,-0.007946562,0.001353264,-0.004679269
-0.000157761,0.001040946,-0.00024373,0.00239562,0.006569842,0.004202238
0.008456288,0.010281321,0.010650764,0.005079393,0.006864237,0.004002905
0.000934299,0.000173547,6.24E-05,-0.000316089,0.000161695,0.000751897
-0.000225242,-0.000667776,-0.002336484,0.004679694,0.002262887,0.006191664
-0.001678802,-0.003821211,-0.004884484,-0.00289759,-0.006699854,-0.002987166
0.002755009,0.003271529,0.002128756,0.002561582,0.004700288,0.008001707
0.024492398,0.02119499,0.023792932,0.00872676,0.020424449,0.007904992
0.021535658,0.020483133,0.021157587,0.006035699,0.020593992,0.006025586
0.010595032,0.010067805,0.014075872,0.007134335,0.009469643,0.006291301
0.019173152,0.018750129,0.018710321,0.017183613,0.019659798,0.017246088
0.009166123,0.010315935,0.011887403,-0.002754051,0.003051238,-0.002448459
-0.009824806,-0.009858248,-0.000316243,-0.007396077,-0.013479822,-0.008398239
0.031689668,0.030461622,0.032565714,0.020752615,0.033335695,0.021178866
-0.003081188,-0.003231784,-0.003416983,0.003216161,-0.004355633,0.001330513
0.004438509,0.005346908,0.005273242,0.004229472,0.003114683,0.005204618
0.001450993,0.0004375,0.001740143,-0.004449203,-0.002553515,-0.004653379
0.014408602,0.015546464,0.011967052,0.008219289,0.016779307,0.008746432
0.050717957,0.052820377,0.053042644,0.045772642,0.052936586,0.045942941
-0.002040445,-0.00354951,-0.002412095,-0.005054824,-0.005530235,-0.005820062
-0.00122506,-0.003129199,-0.000835767,-0.002190176,-0.005879793,-0.002121117
0.003455361,0.00259746,0.00214395,-0.000819935,0.000777644,-0.001900239
0.022012544,0.024549453,0.021202939,0.007169491,0.019272244,0.00932949
0.008842595,0.006217259,0.009340865,0.006121783,0.014551469,0.009915544
0.01344853,0.012290962,0.01242027,0.001804169,0.010147627,0.003954528
0.013056538,0.006460315,0.007079766,0.014455764,0.008880759,0.014513464
-0.007270816,-0.009366244,-0.006537484,-0.015285149,-0.007546657,-0.018177276
-0.031784898,-0.032561217,-0.03259686,-0.019123321,-0.032962778,-0.020201128
0.030344151,0.027638658,0.027533553,0.016046152,0.028957623,0.021199611
0.014487109,0.012852756,0.015449604,0.011448073,0.00864544,0.011231785
-0.018360947,-0.018596353,-0.020479465,-0.005955204,-0.014055947,-0.005353511
-0.02212592,-0.013859185,-0.011788147,-0.009783252,-0.010933908,-0.009941019
0.017594549,0.024273771,0.022836405,0.00223069,0.014765539,0.001762716
0.031563314,0.029625663,0.029290303,0.019017041,0.031299022,0.018821702
-0.006447137,-0.007015451,-0.005536381,0.005040156,-0.003779558,0.00569569
-0.006047682,-0.005583979,-0.002363774,-0.00872191,-0.000576092,-0.007978858
0.004490604,0.003303865,0.00365735,0.000297253,0.003316177,9.58E-05
0.004724578,0.000602906,0.003227665,0.000157392,0.000912864,-0.000297389
0,0,0,0,0,0
-0.015171048,-0.015540714,-0.014571964,-0.008271499,-0.015376626,-0.007288972
0.01451571,0.012539211,0.014088445,0.011866214,0.012793574,0.014256131
-0.005274149,-0.005390098,-0.002568359,-0.00935452,-0.007557136,-0.006388161
0.028157966,0.02692072,0.030226846,0.021272125,0.031715584,0.021274036
0.039893662,0.031766525,0.03042545,0.016023055,0.029571912,0.015578412
0.001965885,0.003861659,-0.001736365,-0.000986094,-0.000610596,-0.000965727
0.01035728,0.011841414,0.009863657,0.011778344,0.011655268,0.011498142
0.007636836,0.009084966,0.008743523,0.00659724,0.007296984,0.006458595
0.002256132,-0.005394418,-0.004320635,-0.00181503,0.002414259,-0.003352491
0.005112307,0.003559199,0.014407639,-0.002717344,0.001789791,-0.00240643
0.005652651,0.006898597,0.00658088,0.011086621,0.006126209,0.01128239
-0.012487621,-0.014813601,-0.018453366,-0.004789799,-0.021064678,-0.003875209
-0.001701354,0.000592705,0.000678568,0.010013292,0.000138325,0.011710166
-0.003527057,-0.002875554,-0.004234925,-0.001520699,-0.004181942,0.004127684
0.022734458,0.02572933,0.021380929,0.020603257,0.025526101,0.02119725
0.011844441,0.013448702,0.017327589,-0.002023561,0.004074266,-0.001944417
-0.004947615,-0.002862465,-0.007672163,-0.006141119,-0.004364718,-0.005921131
0.008077608,0.007455568,0.007804372,0.001694464,0.008806036,0.005337989
-0.005029561,-0.008932419,-0.007976664,-0.001112345,-0.01691399,-0.007995013
0,0,0,0,0,0
0.005757293,0.006177109,0.009200942,-0.002609335,0.006860208,-0.001710274
-0.027761519,-0.027171615,-0.024701098,-0.009503942,-0.024641831,-0.007054238
-0.015415123,-0.019751973,-0.011775181,-0.014186758,-0.011325967,-0.013775087
-0.005861253,-0.006314941,-0.006390149,0.005390491,-0.004584774,0.008996329
0.00757967,0.008828297,0.009229193,0.007450229,0.008522823,0.007707096
-0.068112264,-0.063984007,-0.06832529,-0.023391441,-0.060919275,-0.0264505
0.006311013,0.007346624,0.009927304,0.002509401,0.01308227,0.003743543
-0.020595807,-0.021350454,-0.016885658,-0.007644039,-0.010107325,-0.009384852
-0.016289147,-0.004987193,-0.016622186,-0.008015674,-0.017020709,-0.008923039
0.042717042,0.044559878,0.042442014,0.012800705,0.03539953,0.016008436
-0.007745562,-0.008117976,-0.007630613,-0.007240454,-0.012284982,-0.006372634
-0.000113114,0.001520025,0.003739448,-0.003271808,-0.004807779,-0.004507318
0.023385168,0.032155778,0.030498141,0.008949993,0.02305334,0.010902655
0.003178912,0.002003215,0.003907905,0.003543303,0.00717178,0.000853849
-0.025324732,-0.026213274,-0.025533484,-0.011624486,-0.027961132,-0.017419956
-0.010944117,-0.011977387,-0.012712345,0.001136439,-0.006575398,0.003344366
0.016545898,0.018490555,0.018378957,0.003100081,0.01586632,0.003360522
-0.007186976,-0.006478454,-0.008260844,-0.003072283,-0.004998276,-0.001757216
-0.022046004,-0.019124272,-0.019062255,-0.001445599,-0.017545666,-0.004437433
0.000146272,-0.00207722,-0.002464905,-0.007191687,-0.002310702,-0.004118558
0,0,0,0,0,0
0.008080545,0.00704398,0.008412094,0.003997181,0.005883018,0.004021519
-0.004044206,-0.004159203,-0.004384455,-0.006796689,-0.002986984,-0.00797068
-0.006980104,-0.007080668,-0.005144256,0.004533987,-0.004510796,0.003530993
0.000397357,0.001052203,0.001342886,-0.000402049,-0.001379433,0.002065719
-0.005647993,-0.013323425,-0.011116481,0.000328493,-0.004125958,0.005268805
-0.017539161,-0.020707059,-0.018876572,-0.0020862,-0.011401483,-0.002773975
-0.003573148,-0.004946573,-0.004954877,-0.001860785,-0.003912356,-0.005532216
-0.021624828,-0.011427311,-0.014094769,-0.00768481,-0.012234839,-0.006641712
0.013181152,0.013598794,0.018137574,0.003612166,0.014482485,0.006395731
0.030811425,0.029687368,0.028389325,0.012239892,0.032830578,0.013521401
-0.002839878,-0.006588084,-0.005783968,-0.003180503,-0.005160786,-0.002966079
0.000524603,0.002625862,0.002823295,-0.000796898,-0.001146949,-0.001082446
-0.011728234,-0.012614335,-0.014011981,-0.004714143,-0.010791986,-0.002867885
-0.004848281,-0.004662937,-0.007364744,0.00173807,-0.001976459,0.0026825
0.006247012,0.00608204,0.005514456,-0.002638395,0.002097478,-0.002376821
0.010098703,0.012920805,0.013394381,0.005164036,0.012058867,0.007359629
0.020622992,0.019373027,0.01923532,0.007797607,0.024017575,0.008207854
0.001003177,-0.001170437,0.001631588,0.002770585,0.004015572,0.001657066
0.005434255,0.009669032,0.006453067,-0.000884897,0.003476772,-0.001697511
-0.006538906,-0.003767815,-0.008157798,-0.014636643,-0.008349937,-0.01411322
-0.001622903,-0.002466601,-0.003016077,0.001275332,0.001058709,0.001729235
0.007728939,0.006570395,0.006238105,0.003949186,0.008452465,0.005286099
-0.009709845,-0.005816872,-0.005095245,-0.013129855,-0.006276775,-0.013525512
0.024784932,0.025087373,0.025141824,0.013158546,0.025884552,0.012089163
-0.00071182,-0.000222834,-0.001544271,0.003380428,0.000741847,0.005181481
-0.016496908,-0.013589547,-0.012262415,-0.009610152,-0.008836857,-0.013439685
-0.009314975,-0.011861352,-0.010308157,-0.000938417,-0.00566386,-0.004488735
0.010772929,0.011989075,0.010538539,-0.008088617,0.005949757,-0.007397971
-0.024933047,-0.021713268,-0.021837875,-0.0157426,-0.024632441,-0.015581929
0.001229443,0.000636907,0.00058851,-0.000959061,-0.001415374,-0.000434105
-0.003686099,-0.00404652,-0.003454607,-0.004185716,-0.003815502,-0.003231462
-0.001952542,-0.000977965,-0.000278389,-0.004717153,-0.000139483,-0.005593452
0.00698805,0.008662967,0.006917934,0.003022493,0.006208805,0.003181916
0.00875467,0.008543126,0.0076232,-0.002038069,0.006974059,-0.000571696
-0.004200901,-0.004244562,-0.003297223,-0.00200694,-0.002306789,-0.001098699
-0.00117686,0.000365678,0.001485959,-0.003792745,0.000932335,-0.002927426
-0.012415516,-0.011140097,-0.013356642,-0.009505538,-0.01159099,-0.009529783
0.007530384,0.007428996,0.00726626,0.004691741,0.008069126,0.005345471
-0.013936397,-0.010862467,-0.013274752,-0.014759759,-0.010040665,-0.010745024
0.007121738,0.006030236,0.007321003,0.005364426,0.006887356,0.005416574
0.008903153,0.008720198,0.009309729,0.003848079,0.008353451,0.003893407
0.004511322,0.004548641,0.0050689,0.003826498,0.007644769,0.003689155
0.004715761,0.004554066,0.004818042,0.003834582,0.003870312,0.003387376
0.000590614,0.00047887,0.002556904,-0.00067561,0.000279843,-0.000721521
0.00341714,0.002384797,0.001940094,0.005090331,0.003844407,0.004486097
-0.007376185,-0.008363264,-0.009592762,-0.002299532,-0.007315504,-0.002081426
-0.008609941,-0.011238575,-0.009085451,-0.005584217,-0.005724313,-0.004899995
-0.011630843,-0.008855044,-0.012004474,-0.009501546,-0.011573459,-0.009206116
-0.013058245,-0.017863836,-0.015972658,-0.016640953,-0.017525786,-0.016586405
-0.012154758,-0.007581766,-0.00975635,-0.019881284,-0.012870885,-0.02043801
-0.00019111,-0.002328882,0.001006221,0.001901838,-0.001661767,0.00090434
0.012373326,0.012176215,0.010883003,0.007982852,0.010796735,0.0086552
-0.011959122,-0.01198006,-0.0096691,0.000499226,-0.010081754,-0.004205051
0.015641803,0.015727359,0.01496603,0.009902867,0.017629634,0.012565184
-0.009554018,-0.011204519,-0.009331645,-0.006293458,-0.008642293,-0.00555804
0.007766637,0.007494009,0.010003852,0.005030096,0.005122946,0.004411348
0.005677477,0.003949276,0.003744276,-0.002664008,0.00411013,-0.001648552
0.004185713,0.004024178,0.004371237,0.000911658,0.004420763,0.00189159
0.019363765,0.021551163,0.020355747,0.016358775,0.022825099,0.011144986
-0.006054671,-0.009480311,-0.009685087,-0.003181248,-0.002694801,-0.003654684
0.003143369,0.001754564,0.001102614,-0.001313023,0.000442799,-0.001553667
0.003912081,0.004460207,0.007434605,-0.00195561,0.003521786,-0.000757961
0.004669361,0.004842085,0.004360773,0.002919133,0.005092517,0.003054592
-0.009367061,-0.008767742,-0.010113754,-0.002628846,-0.007547823,-0.002920133
0.021456703,0.016952276,0.017378118,0.008130169,0.015271926,0.009310984
-0.000474966,0.000679504,-0.002091145,-0.00095803,-0.00265333,-0.000570079
-0.001013458,-0.001021911,-0.002856254,0.000623465,-0.000709644,0.001337235
-0.005216988,-0.011708452,-0.006306684,-0.002499547,-0.000638764,0.000643124
0.017438229,0.016174201,0.016696195,0.007363668,0.017968421,0.007355181
0.011637206,0.010897294,0.009571848,0.004841704,0.00512152,0.004853518
0.016704653,0.011927655,0.014921089,0.007961182,0.009405176,0.007238229
0.004396374,0.004495802,0.004020539,0.016239293,0.0057829,0.016990836
0.003697281,0.000668365,0.002971523,0.004776016,0.004010084,0.003391374
0.00958021,0.011196406,0.011893774,0.005201792,0.011287211,0.005743924
-0.003580191,-0.004338262,-0.007053538,-0.000458743,-0.004449935,-5.90E-05
-0.006722089,-0.008745378,-0.007485021,0.002447562,-0.004422379,0.003727223
0.01660235,0.013307688,0.01467207,0.000965601,0.007197524,0.002564113
-0.003455767,-0.00612414,-0.004131761,0.003116081,-0.001067236,-0.000632573
-0.012774637,-0.0165909,-0.017301458,-0.015121977,-0.016650514,-0.016183592
0.001248533,0.001596152,0.002311966,-0.002759406,0.002247096,-0.002135111
0.006964205,0.005740217,0.003752141,0.002008883,0.004457598,0.000526114
0.004668738,0.006212075,0.007360391,0.001595892,0.004892444,0.000990674
-0.00747095,-0.010103854,-0.009401645,-0.007524901,-0.011898568,-0.007870645
-0.000166606,-0.002556618,-0.002834956,0.003933438,0.002196844,0.003105187
-0.007109815,-0.007868713,-0.006724597,-0.007501446,-0.009356764,-0.006942681
-0.01799472,-0.013380489,-0.013248384,-0.002291694,-0.013171467,0.00099509
0.00111559,-9.75E-05,0.001959156,-0.003550812,0.000643878,-0.001593833
-0.007365407,-0.006706556,-0.008192343,-0.006152134,-0.008265712,-0.006591524
0.007736505,0.008950664,0.006635035,0.003808487,0.005938014,0.003137109
0.004883898,0.004383871,0.003745146,0.002188243,0.004671819,0.001593524
0.015331396,0.017615559,0.023449796,0.001525976,0.011417926,0.00389591
0.00402402,0.003493757,0.003878713,0.005591628,0.006910577,0.00593187
0.004354043,0.002992641,0.001764227,0.010548215,0.008597738,0.007244747
-0.007023653,-0.001128693,-0.004326044,0.001474088,-0.009287707,0.001471628
0.000659432,0.000380987,-0.003128421,-0.001956963,-0.002684693,-0.001268111
-0.004463555,-0.003884425,-0.00361876,0.001448639,-0.001135202,0.002482325
-0.01344125,-0.013498469,-0.01327797,-0.00850441,-0.014467108,-0.008777884
0.003868703,0.006441552,0.004218362,0.005052532,0.001858725,0.004863242
0.003770903,0.003123412,0.002767642,0.003675363,0.005440472,0.004896223
-0.005544648,-0.005404592,-0.006515193,0.004406113,-0.006662432,0.009305804
-0.007758576,-0.004142741,-0.006970835,-0.001543208,-0.002180527,-0.001256938
0.015882719,0.011147164,0.015945238,0.004223421,0.007558642,0.001645439
0.010128332,0.011465193,0.011482956,0.003885437,0.009852338,0.003355987
-0.005378481,-0.008997112,-0.004564962,-0.005658512,-0.005455122,-0.006433664
-0.001859254,-0.000702488,0.001005973,-0.005650107,-0.005266761,-0.005169152
-0.000199802,-0.002499159,-0.001371421,-0.003661576,-0.001627475,-0.00249645
0.015442873,0.017961318,0.020736694,0.003598622,0.014915942,0.005473784
0.012478455,0.0127959,0.01670003,0.005444162,0.010132632,0.005614937
0.006013652,0.00707598,0.005112304,0.003191033,0.007269257,0.004157805
-0.013300816,-0.010769214,-0.012144022,-0.002449115,-0.005989078,-0.00126594
0.006774354,0.006242203,0.007158069,-0.000182269,0.003843682,-0.000820642
-7.42E-05,0.001894815,0.001049098,-0.006034497,-0.003303311,-0.006196932
-0.017433368,-0.015813465,-0.016604078,-0.017532416,-0.01818445,-0.017108502
0.002047811,0.001648326,0.002157327,0.000729315,0.002200683,0.001551156
-0.000701002,-0.003071839,-0.001939839,-0.004048668,-0.000343349,-0.007630607
0.002411124,0.002098965,0.001306166,-0.004311844,0.003322547,-0.004249715
-0.013961379,-0.012758577,-0.014077017,-0.005390811,-0.009001684,-0.005584848
0.008433311,0.00779124,0.010505525,0.01025646,0.008223021,0.009410599
0.011690126,0.009369868,0.009315099,0.003106542,0.011769582,0.004204779
-0.007858171,-0.008680652,-0.008182694,-0.00164166,-0.007181419,-0.003332583
-0.000475067,-0.000157565,-0.000721795,0.000851523,-0.002136347,0.001105062
-0.008748908,-0.008767666,-0.008489488,-0.003554346,-0.006813403,-0.006266728
0.00850745,0.000187661,0.006665258,0.01322945,0.00815411,0.011447094
0.001225919,0.001335564,0.001994015,0.00917545,0.005395646,0.008727586
-0.007547218,-0.007703245,-0.008176965,-0.004622701,-0.0046019,-0.00396508
0.004779665,0.005146742,0.002831541,-0.004181437,-0.003383392,-0.003707741
-0.010160993,-0.008143737,-0.008752387,-0.00508119,-0.005765556,-0.005230627
0.004694005,0.004504315,0.003982344,-0.003209756,0.003411244,-0.002489662
0.003077104,0.004221098,0.004236642,-0.002878636,0.003418284,-0.002736477
-0.000900195,-0.003075548,-0.00219556,-0.005827337,-0.001434778,-0.005478189
0.006824044,0.006342878,0.006983754,0.005208528,0.007877073,0.00645697
0.006338905,0.005294631,0.006022785,0.001801491,0.004688682,0.001774977
2.71E-05,-0.002131973,-0.000858605,0.000893066,0.001592846,0.001676734
0.001689858,-0.001334749,-0.000583913,-0.003026076,0.001634536,-0.00071205
-0.001454098,0.000209836,-0.000653601,0.00382741,0.001290192,0.0045402
-0.000812516,4.22E-05,-0.000732999,-0.003533418,-0.003247563,-0.004401036
0.016504943,0.018297356,0.016083417,0.011549978,0.017514258,0.012639335
0.010314239,0.010100467,0.013352756,0.00424405,0.008121699,0.004990516
0.007205379,0.004722791,0.009349084,0.010882305,0.01113432,0.011810554
-0.005082235,-0.008280756,-0.008693919,-0.00053566,-0.004263412,-0.001554923
0.001103704,0.00072793,0.002383677,0.004239798,0.001203202,0.00372541
-0.003436538,-0.000512312,-0.001868566,-0.00151894,-0.004666211,-0.002497552
-0.012230952,-0.012228912,-0.013607609,-0.009352312,-0.011227901,-0.009586498
0.010137654,0.009247671,0.007800403,0.004223609,0.009663654,0.003104876
0.005251363,0.003778727,0.007842191,0.000842561,0.002924734,0.000313697
0.009262503,0.008682762,0.011712997,0.005733739,0.009501938,0.005705347
-0.002658919,0.000333131,-0.00044139,8.45E-05,-0.001857257,-0.002340155
0.009703012,0.012404372,0.012485286,0.006975389,0.012974148,0.006467403
0,0,0,0,0,0
0.011472792,0.01333018,0.011513991,0.006166941,0.014700652,0.006997318
-0.001851861,-0.003654663,-0.002386902,0.000452862,0.000562439,0.000650167
0.000562876,0.001043667,-0.000789046,-0.006697834,0.000605618,-0.006781963
0.005206087,0.006391203,0.005357248,0.005465732,0.00550081,0.005646279
-0.009088405,-0.010232,-0.00875102,-0.010710302,-0.010269755,-0.010738852
0.008286615,0.014401822,0.014406516,0.006235005,0.011818292,0.005735926
0.000543826,-0.000409264,-0.000581685,-0.000342096,0.001096376,-0.000766916
0.011601176,0.009529197,0.009997752,-0.002720255,0.007489073,-0.002021921
-0.011013955,-0.01074911,-0.00961417,-0.000361596,-0.003783868,-0.001135595
-0.006187724,-0.005359077,-0.003253518,-0.006323346,-0.005398774,-0.005944924
-0.003119455,-0.005989734,-0.00420482,-0.005097351,-0.002452652,-0.005121985
0.003397591,0.004534177,0.003150608,0.000142749,-0.000704165,-0.00120615
0.012713623,0.009241155,0.011140138,0.005778703,0.010546467,0.004145813
-0.009683387,-0.006559516,-0.011177513,-0.010733887,-0.016192622,-0.010682353
0.007002431,0.009587204,0.004013596,-0.005210508,0.004786699,-0.003150624
-0.024675866,-0.03074417,-0.028470092,-0.015224255,-0.032143322,-0.015238227
-0.088001659,-0.08347299,-0.0849723,-0.065238208,-0.081937984,-0.065217054
0.0233294,0.021693293,0.023590291,0.013193471,0.02228422,0.01434732
0.013632111,0.01386393,0.014606612,0.005358662,0.013766036,0.004145498
0.018014176,0.01633461,0.016488469,0.010606437,0.021135932,0.011348741
0.007550093,0.002037657,0.001390385,0.004739411,0.002494249,0.005406127
0.009496232,0.002079449,-0.003712808,-0.02223642,0.010921855,-0.005466065
0.006488329,0.008094804,0.007428846,0.007320717,0.005051134,0.008200064
0.011501002,0.013068879,0.016707303,0.006046173,0.011820688,0.007880157
-0.006636304,-0.005248617,-0.005402015,-0.00800782,-0.003041531,-0.008737718
-0.000280041,-0.000786434,-0.001046583,0.002559888,0.005030154,0.002489067
0.022215227,0.019222438,0.021670796,0.018772544,0.024025608,0.020660843
0.003127506,0.00211007,0.002969008,-0.002995094,-0.000648645,-0.006091198
-0.00042171,-0.002136483,-0.001382775,0.000398589,-0.00138824,0.001225909
0.014859286,0.016144293,0.017024368,0.011124247,0.019485926,0.011347937
0.005089531,0.006826313,0.004947858,0.000300829,0.003797303,0.001550736
-0.003746079,-0.006611389,-0.004692514,-0.005252351,-0.004132965,-0.007840338
0.000438189,-0.000928283,-0.002948382,-0.006273392,-0.005493846,-0.006407389
-0.014604595,-0.01820632,-0.016973183,-0.005336181,-0.009906572,-0.00454682
0.008044343,0.004272254,0.005774544,0.001606269,0.005738662,0.003593151
-0.038849741,-0.036388227,-0.037517879,-0.025468869,-0.038197072,-0.028823524
0.050518848,0.045107539,0.043151207,0.016406664,0.040474408,0.016326089
0.003687592,0.004345401,0.00358107,0.006819605,0.004258017,0.004990228
0.00817775,0.008315211,0.010266048,0.000627616,0.004989756,0.003811876
0.018763187,0.019985468,0.021766523,0.011850535,0.017313037,0.016254559
-0.01501809,-0.014218723,-0.005375875,-0.008682874,-0.01506073,-0.01081082
-0.026791767,-0.027876669,-0.023207205,-0.012865792,-0.036299527,-0.021693674
0.021290065,0.021804382,0.018810106,0.008739168,0.021008284,0.011334794
-0.008071822,-0.008912662,-0.005593284,-0.00278872,-0.01121398,-0.002961475
-0.019901549,-0.020423057,-0.020312684,-0.013270097,-0.019900199,-0.015432393
-0.013786531,-0.014248619,-0.011406871,-0.012611912,-0.011800169,-0.012131738
-0.038665634,-0.040352067,-0.03966978,-0.008910903,-0.040078767,-0.011450331
-0.004586279,-0.003274472,-0.004880952,-0.003592303,-0.002390934,-0.002150238
-0.013304257,-0.012152058,-0.014171949,-0.016577433,-0.01544314,-0.018887104
-0.008029088,-0.009190062,-0.013520971,-0.018559888,-0.011640839,-0.018748769
0.012545531,0.013986942,0.01277146,0.008068111,0.015325398,0.008655375
-0.044298288,-0.03076208,-0.041282688,-0.012467161,-0.034239814,-0.014114542
0.027900817,0.029403452,0.027830398,0.013259151,0.026194528,0.016246954
0.029473096,0.027687762,0.026820702,0.009887633,0.025485227,0.010204072
-0.00984205,-0.013174832,-0.01183481,-0.028077863,-0.008976754,-0.030062786
0.003896896,0.002889364,0.002071336,0.00318246,0.003565875,0.004633393
-0.010038299,-0.00692515,-0.007973092,-0.012437592,-0.009436795,-0.006479628
0.002828821,0.005546251,0.008991768,-0.00259501,0.003129376,-0.005329014
-0.007357335,-0.006714308,-0.006266775,-0.006792708,-0.003885834,-0.005015406
0.013157791,0.015114129,0.014499646,0.014859647,0.017305845,0.013290717
0.000463931,0.001996994,-0.001792857,-0.002851398,-0.004723427,-0.003330398
0.022830205,0.019915809,0.01903835,0.012649571,0.025718225,0.013133288
0.000849344,0.001643448,-0.000464111,-0.002933183,-0.002458213,-0.002620464
0.002036758,0.003833932,0.002077149,-0.001277886,0.002948687,-0.000992539
-0.01384977,-0.009891218,-0.011050891,-0.006076773,-0.010199939,-0.005656944
-0.00151045,-0.000895976,-0.000806923,-0.003661421,-0.00354414,-0.004986061
0.021303158,0.019415585,0.026337861,0.006988861,0.019551791,0.007681134
-0.006665672,-0.005998117,-0.00545859,0.000196397,-0.006925235,-0.001040484
-0.000874759,-0.000231389,-0.000776612,-0.00011575,0.002835525,0.001147869
0.002923187,0.004113549,0.004126379,0.003921174,0.007194426,0.005422053
0.004969894,0.00531228,0.005688344,-0.003672635,0.005517817,-0.003243747
-0.006454161,-0.007013748,-0.008831563,-0.008764959,-0.009900111,-0.009003593
0.011341974,0.015078971,0.009147755,-0.000155511,0.007035227,0.001446597
0.000278012,0.00077882,-0.00108375,0.002994067,-0.00226644,-0.00231227
-0.012849856,-0.008703398,-0.008750023,-0.003753987,-0.009496743,-0.003925752
0.003919925,0.004350236,0.003587665,0.005320843,0.001935432,0.006410787
0.005503125,0.006085274,0.006366873,0.000514924,0.002853255,0.000311776
0.00246386,0.002243347,0.001740167,0.010217794,0.004282065,0.008781414
0.008515473,0.008790736,0.010914092,0.006147072,0.01394097,0.006303576
0.013747131,0.010943986,0.009208665,-0.00678811,0.009204106,-0.005526041
-0.003169574,-0.002011161,-0.004328669,-0.002930416,-0.002273332,-0.001932255
0.008426679,0.008702414,0.008526848,0.004043056,0.007454268,0.004734745
0.001039252,0.002621509,0.001503439,0.001202333,-0.00012462,0.002879446
-0.000805108,0.002117696,0.000759617,-0.003901997,0.000479972,-0.003608441
0.002593436,0.003210948,0.001283051,0.000925206,0.002555553,0.001985962
-0.011609593,-0.012997364,-0.012337704,-0.005510742,-0.01072469,-0.005570759
-0.002077059,-0.003182067,-0.002434846,0.000806497,-0.000727578,-0.000194562
0.000298632,0.000122825,0.000499108,0.002485908,0.002369997,0.004024894
0.010746695,0.009021404,0.010506677,0.001073777,0.010985636,0.004159581
-0.004294823,-0.004215223,-0.005409372,-0.000892656,-0.005779685,-0.002281388
-0.008919951,-0.007743589,-0.007643286,-0.005836616,-0.009265948,-0.007135819
-0.02056744,-0.020077163,-0.020816203,-0.013375363,-0.01984729,-0.012952958
-0.000756019,0.001849711,0.001116557,0.010148645,-3.08E-05,-0.003347276
0.015663885,0.013333455,0.016420723,0.005037048,0.012746768,0.006101884
-0.006815838,-0.004877445,-0.005656172,0.00345257,-0.00708918,0.00461076
0.003813379,0.002563623,0.002823292,0.003742372,-0.000897784,0.004219523
0.00202614,0.000293541,0.000757319,-0.006471996,0.003492291,-0.00521326
0.02319812,0.026907188,0.036189863,0.011818341,0.025759648,0.011751989
0.010154877,0.007599498,0.006690521,0.004103692,0.002460466,0.004475172
-0.001917787,-0.004715612,-0.00402118,0.011400956,-0.000265322,0.007644609
0.000462315,-0.000569874,0.000714591,-0.003271358,-0.001131808,-0.004572923
0.001001344,0.00250689,0.000332231,0.000854159,0.001655158,0.003664656
0.015527914,0.016086479,0.011057681,0.001333103,0.006648827,0.000273862
-0.016094262,-0.04594874,-0.028511127,0.004805666,-0.001150079,0.00516325
0,0,0,0,0,0
-0.013216868,-0.012046453,-0.010885093,-0.003051986,-0.008893084,-0.004400841
-0.007011031,-0.007199631,-0.003697586,-0.001037663,-0.001225915,-0.001177884
-0.013513621,-0.002626523,-0.01070953,0.000593996,-0.011725506,0.001619554
0.016203571,0.015696368,0.018310368,0.010609776,0.01716064,0.009425971
0.006042657,0.006724656,0.005354122,0.002130684,0.002431037,0.000926423
0.006637857,0.006110169,0.006999737,0.000401942,0.007365443,-0.001745151
0.005154453,0.006163388,0.005665735,-0.004156416,0.008631903,-0.00229664
0.015250236,0.00879242,0.011650188,-5.65E-05,-0.000877042,0.001733705
0.009350179,0.004743825,0.007612534,-0.005142749,0.001326072,-0.004098482
0.005517054,0.002864296,0.00169086,0.004112358,0.000880311,0.004539411
-0.006196706,-0.004962693,-0.005942675,-0.003174829,-0.004810002,-0.004204691
0.015919133,0.021146635,0.028685576,0.001382605,0.011813922,0.00468262
0.019152538,0.02227534,0.01969187,0.009084022,0.019399767,0.009436545
0.025212585,0.02759805,0.025828789,0.012573478,0.021504842,0.005306693
0.021076029,0.02045814,0.015392012,0.011931683,0.019410036,0.011142575
0.050389978,0.053772775,0.052795582,0.038093109,0.050718168,0.03916623
0.006179684,0.004418997,0.003187035,0.001518441,0.005205753,0.001928264
0.010737638,0.015619992,0.012782887,0.006088643,0.014700356,0.007630708
0.018451215,0.018701703,0.01825722,0.015948645,0.014353988,0.017321559
-0.02215931,-0.01553658,-0.021377264,-0.015816715,-0.020610744,-0.017860539
0.023800014,0.027155621,0.023917646,0.029666593,0.025355487,0.021534578
-0.001759875,0.001086554,0.002393463,-0.0101775,-0.008770032,-0.010929694
-0.012396692,-0.007042868,-0.005136109,0.002620699,-0.009864451,0.002589563
-0.051163883,-0.044515314,-0.044657467,-0.030946467,-0.040757083,-0.02930296
0.010646389,0.008090436,0.013088002,0.001432645,0.009231836,0.002585865
0.035019091,0.035964006,0.032023715,0.019754954,0.034942664,0.020335331
0.004604701,0.004450406,0.005437129,0.002591428,0.003042259,0.003188038
0.003767322,0.007671445,0.005497791,0.002510741,0.005254107,0.004272177
-0.002943371,-0.001805661,-0.003508847,-0.002746242,-0.002132265,-0.003411075
-0.04037563,-0.039630287,-0.039511313,-0.017085874,-0.040993177,-0.017471122
0.00208429,-0.002916316,-0.002102165,0.006476169,0.005344457,0.009911879
0.00769827,0.010292891,0.00735859,-0.005830091,0.007836528,-0.005199735
0.02311449,0.0209397,0.022924255,0.018622151,0.025288809,0.016462177
0.002017982,0.00145104,0.001631766,-0.000807047,0.00041335,-0.000682879
0.008826709,0.013423904,0.017016093,-0.002105798,0.00632293,-0.001914528
0.02098765,0.022572901,0.02106221,0.005012309,0.019099417,0.0048966
0.002074383,0.003871313,0.005620948,0.004354708,-0.000699508,0.004201252
0.006346093,0.004553088,0.005961951,-0.000651938,0.004750615,-0.000434795
0.009780584,0.01860393,0.014483168,-0.001771602,0.000145878,-0.003184328
-0.016378179,-0.012366826,-0.009809933,-0.005666547,-0.007473394,-0.00510059
0.00554673,0.009352355,0.007169909,0.009948808,0.008297607,0.010297194
-0.003636982,-0.007376887,-0.00572822,-0.003246405,-0.010015691,-0.006767802
-0.001332558,0.012195581,0.00260888,-0.002544279,-0.007997418,-0.002209905
-0.00530605,-0.006281717,-0.004265902,0.000347237,-0.002574387,-0.001578074
0.014835065,0.016326993,0.015362345,0.007249846,0.01320738,0.007504375
0.027803051,0.028839331,0.030897749,0.014157084,0.024142958,0.017305479
0.00237474,0.004849623,0.004423365,-0.002350036,0.001572774,-0.001448482
-0.010364114,-0.009997271,-0.007758085,0.000975128,-0.012042995,-0.000274616
-0.010521254,-0.011345944,-0.009798893,-0.007406418,-0.014279944,-0.008578002
0.006524499,0.008214885,0.00860981,0.000299626,0.006314516,0.000940365
0.006792171,0.003867562,0.002171764,0.008663726,0.008258198,0.008131773
-1.45E-05,-0.000228562,0.000390059,0.000224519,-0.003398781,-0.000223572
0,0,0,0,0,0
0.009980475,0.010425631,0.0091832,-0.002233103,0.00656127,-0.002873218
0.019210806,0.019389742,0.018814857,0.004293424,0.020806323,0.007074524
-0.009271482,-0.010838433,-0.006761416,-0.005209711,-0.00374927,-0.004884424
0.003945098,0.000302616,0.001661753,0.000934401,0.007982573,0.000101087
-0.005513445,-0.002757364,-0.004117609,-0.00699888,-0.001656514,-0.006003549
-0.003249826,0.001819261,0.002724331,-0.003873791,-0.005465402,-0.00338547
-0.00886234,-0.009022158,-0.013886095,-0.003151705,-0.008758397,-0.002752665
-0.019883106,-0.01855598,-0.029887595,-0.005053703,-0.01859044,-0.009699185
-0.001018501,0.003161175,0.001652199,0.005879939,0.005485893,0.008110666
-0.013583748,-0.015343673,-0.014601921,-0.006193139,-0.021640243,-0.010631716
-0.010793301,-0.007739552,-0.008007181,-0.005000702,-0.005556113,-0.008253159
0.011118366,0.017922073,0.009549381,-0.001106299,0.009307973,0.002682866
0.007981725,0.010521098,0.010292715,0.00365072,0.004710877,0.001736494
0.006607098,0.006560036,0.008217019,-0.001318031,0.00894779,0.001024416
-0.007897289,-0.008139655,-0.00790019,0.004057387,-0.002536493,0.001781443
-0.008221974,-0.005475693,-0.004571612,-0.002395108,-0.003580636,-0.00378864
0.020074757,0.020972618,0.017566103,0.009656399,0.019769886,0.011822059
-0.007007979,-0.005282631,-0.005110857,-0.002696269,-0.006455541,-0.003498523
-0.015233758,-0.015734516,-0.01519038,-0.007936155,-0.014090575,-0.007228024
0.002031968,0.000528974,0.000170946,5.87E-05,0.003204828,-0.000328989
-0.023477682,-0.021894674,-0.022073094,-0.006659249,-0.021814172,-0.008117354
0.000554435,0.000120654,0.001814128,-0.001929781,-0.00173598,-5.74E-05
0.003114317,0.006734053,0.004579959,0.005184999,-0.000340639,0.007576783
0.000663622,0.000324166,0.000511335,-0.001046785,0.003039585,0.001439822
-0.004677397,-0.004262152,-0.004560263,0.002334928,-0.001345106,0.001654902
0.021768524,0.025789374,0.021217444,0.009483452,0.021987558,0.00939906
0.026339511,0.024825796,0.026150186,0.00979177,0.028442158,0.009793137
0.010577941,0.010282876,0.010835918,-0.004591605,0.004127878,-0.005584174
-0.005770011,-0.003585805,-0.003180806,-0.00434252,-0.00680936,-0.003083732
0.000746991,-0.001399763,-0.001309471,0.000508353,-0.002309765,0.002884748
0.001070078,0.00114246,0.000230947,0.004132196,-0.000152467,0.004822784
-0.008580084,-0.010085048,-0.008805287,-0.00245474,-0.008774497,-0.004684172
0.008370983,0.010726307,0.006543238,-0.000179219,0.007949601,0.000474499
-0.007401551,-0.004284166,-0.003031184,0.001574948,-0.004022275,0.002944357
-0.00404825,-0.003407751,-0.00249692,-0.00316266,-0.007691565,-0.01104075
-0.009162323,-0.013263704,-0.011177335,-0.00252721,-0.00941332,-0.006933277
-0.000923635,0.003679572,-0.000361892,-0.000561469,-0.001782548,0.002773472
0.005760767,0.013141255,0.00327226,-0.003750892,0.00295065,-0.00287087
0.013397181,0.014142302,0.014001241,0.000432161,0.010594697,0.000946992
0.004449046,0.005912864,0.008021367,0.000602032,0.003290746,-0.002140905
-0.014745899,-0.015742765,-0.017451958,-0.00053064,-0.012837894,-0.002662462
0.007773526,0.003754177,0.00497521,-0.001855156,0.003284803,0.000387326
0.017169958,0.014746517,0.023149996,0.011890317,0.013133408,0.01272786
0.005234861,0.007566041,0.006627014,-0.001462157,0.008262959,-0.000753603
0.022516304,0.026488275,0.021089601,0.005917521,0.017068371,0.006680181
-0.000463125,-0.000979995,-0.001165942,-0.003459149,-0.00075747,-0.005136328
0.026189302,0.02315007,0.023301516,0.018503057,0.020990243,0.017283085
-0.005293108,-0.005510056,-0.003252115,0.001274561,-0.003109556,0.001003343
-0.006218253,-0.007104512,-0.007077038,0.006702877,-0.003493876,0.002427622
0.004906023,0.003854288,0.002979601,-0.002968243,0.001864763,-0.001473225
-0.011937235,-0.011952546,-0.01077882,-0.005696345,-0.007803032,-0.002121419
0.017549328,0.015603472,0.013945118,0.006351763,0.016623994,0.005281191
-7.11E-05,0.000872564,0.000639014,0.003299631,-0.001571062,0.002450175
0.004424937,0.004011562,0.001754864,0.003047629,0.001822898,0.004107225
0.002012689,0.000944501,0.00077854,-0.000505422,0.00307469,0.002199573
0.017461482,0.017421238,0.01871522,-0.001501721,0.009539841,-0.001289771
0.011143901,0.006216884,0.00729139,0.005955137,0.01223291,0.005163523
0.00661688,0.011215649,0.001949415,-0.004645696,-0.002682369,-0.004489333
-0.015918475,-0.017843568,-0.020830791,-0.006285701,-0.013667384,-0.008046349
0.000940063,0.001348481,9.63E-05,0.006776756,-7.31E-05,0.005984012
0.00618986,0.005437964,0.007645392,0.018493302,0.0093774,0.017885146
-0.00113065,-0.001121131,-0.001622005,-0.005860818,-0.004710574,-0.006626398
0.017193297,0.01487084,0.012806531,0.008286418,0.018337007,0.012418614
0.000541773,0.00020858,0.000250347,-0.002162711,0.000476621,-0.000532711
-0.011327893,-0.010875166,-0.010535244,0.005033494,-0.005189743,0.006736729
0.005441093,0.005808824,0.003445577,-0.013321252,0.001548825,-0.013443479
-0.002062393,-0.005475781,-0.006378511,-0.014598718,-0.008405281,-0.013224018
-0.000424397,-0.001717614,-0.002634759,-0.006665217,-0.00271847,-0.006742687
-0.015531457,-0.011342245,-0.016165735,-0.010670261,-0.012707235,-0.007818083
0.000703376,0.005187413,0.004708995,-0.005292156,0.001215443,-0.002359761
-0.010427936,-0.019576652,-0.013702791,0.008813372,-0.008234637,0.0022462
0.010813487,0.01355295,0.005488138,-0.007035599,0.005410522,-0.005762947
0.006608133,0.004238224,0.002103912,-0.002609826,0.004299545,0.001080066
0.004806426,0.005367893,0.00475934,0.002302253,-0.000275406,0.000711609
0.014973132,0.014415852,0.013333171,0.01062942,0.013053126,0.011979913
0.011418528,0.007948928,0.008219842,0.001848098,0.002698719,0.001276374
0.014398432,0.017298156,0.017964573,0.004509777,0.011283605,0.004145604
-0.022329339,-0.020680989,-0.020920715,-0.01184565,-0.02068832,-0.008100199
0.010878622,0.010161377,0.003339572,-0.003472196,0.011038964,-0.003715676
0.001082849,0.002134109,0.000806389,-0.000857124,-0.001961795,-0.000365143
0.012696804,0.012858135,0.015490502,-0.001044804,0.013299093,0.003033711
0.004805721,0.006366601,0.005397589,-0.002850977,0.001368948,-0.002552174
-0.012028563,-0.009868532,-0.009238871,0.002220871,-0.007579064,0.003761703
0.006720609,0.00763922,0.009240274,4.16E-05,0.008803551,0.001821697
0.019670243,0.017465609,0.018936598,0.005885691,0.016139762,0.005934543